date,open,high,low,close,volume
2017-12-13,5.32,7.44,5.32,7.44,299
2017-12-14,8.71,8.71,8.71,8.71,146
2017-12-15,10.11,10.11,10.11,10.11,249
2017-12-18,11.65,11.65,11.65,11.65,324
2017-12-19,13.35,13.35,13.35,13.35,992
2017-12-20,15.21,15.21,15.21,15.21,1308
2017-12-21,17.26,17.26,17.26,17.26,3056
2017-12-22,19.51,19.51,19.51,19.51,4314
2017-12-25,21.99,21.99,21.99,21.99,5012
2017-12-26,24.72,24.72,24.72,24.72,4273
2017-12-27,27.72,27.72,27.72,27.72,5169
2017-12-28,31.02,31.02,31.02,31.02,29829
2017-12-29,34.55,34.65,32.99,34.65,448056
2018-01-04,34.65,38.65,34.14,38.65,272741
2018-01-05,41.19,42.1,37.12,37.21,325293
2018-01-08,38.64,41.42,37.79,40.04,278140
2018-01-09,38.95,39.33,36.87,36.95,229439
2018-01-10,35.96,39.52,35.93,38.21,224342
2018-01-11,37.54,41.65,37.3,38.72,265305
2018-01-12,38.21,40.5,37.77,37.77,211834
2018-01-15,38.35,39.07,33.47,33.5,263550
2018-01-16,32.26,33.4,31.5,32.33,194958
2018-01-17,32.72,34.4,31.85,33.08,173347
2018-01-18,32.26,32.59,31.25,31.3,149818
2018-01-19,31.79,32.88,31.35,31.98,133109
2018-01-22,30.79,30.87,28.25,28.32,179529
2018-01-23,28.35,31.66,27.83,31.14,201727
2018-01-24,30.34,32.63,30.34,31.16,169322
2018-01-25,30.75,33.4,30.53,31.23,158537
2018-01-26,31.27,32.26,30.79,31.39,94786
2018-01-29,31.89,32.99,31.57,31.95,115919
2018-01-30,31.38,31.39,29.01,29.87,135171
2018-01-31,29.51,29.68,26.36,26.45,154959
2018-02-01,26.72,27.43,25.8,26.65,102722
2018-02-02,25.87,26.91,25.17,25.77,83182
2018-02-05,24.44,25.92,24.25,24.61,77510
2018-02-06,23.57,24.9,22.68,22.68,94332
2018-02-07,23.79,24.93,21.54,24.11,127665
2018-02-08,23.65,25.24,23.62,24.74,108334
2018-02-09,23.55,24.87,22.76,23.69,102175
2018-02-12,24.05,24.99,24.05,24.26,100871
2018-02-13,24.5,24.6,22.71,22.74,98427
2018-02-14,22.9,23.42,22.52,22.64,59947
2018-02-22,23.01,23.83,22.47,23.73,74709
2018-02-23,23.78,26.63,23.56,26.63,121827
2018-02-26,27.68,28.58,27.04,28.21,173817
2018-02-27,29.05,29.74,27.95,28.0,159131
2018-02-28,27.21,28.52,27.0,27.22,114572
2018-03-01,26.77,28.82,26.72,28.28,116835
2018-03-02,27.82,28.37,26.99,27.11,98693
2018-03-05,27.67,30.35,27.48,30.35,180504
2018-03-06,31.37,31.77,29.74,30.08,185885
2018-03-07,29.75,31.56,29.38,30.48,143870
2018-03-08,30.52,31.15,30.12,30.97,114506
2018-03-09,31.01,32.58,30.67,31.76,151236
2018-03-12,32.26,33.17,31.44,32.03,147306
2018-03-13,31.1,31.1,29.34,29.38,157089
2018-03-14,29.33,29.72,28.79,28.85,80878
2018-03-15,28.37,28.81,27.09,28.63,106832
2018-03-16,28.58,29.24,28.08,28.08,65649
2018-03-19,27.96,29.76,27.85,29.12,94859
2018-03-20,28.55,29.73,28.38,29.71,86665
2018-03-21,29.99,31.06,27.88,28.24,114105
2018-03-22,28.27,28.85,27.7,28.33,72596
2018-03-23,26.66,27.21,24.97,24.97,113798
2018-03-26,24.8,26.52,24.48,26.4,87629
2018-03-27,26.85,28.3,26.4,27.65,99556
2018-03-28,26.8,27.45,26.69,26.81,63239
2018-03-29,27.18,28.3,27.07,27.29,66204
2018-03-30,27.73,30.55,27.73,30.55,155157
2018-04-02,32.12,34.14,31.39,32.96,266415
2018-04-03,32.35,35.9,32.33,34.39,255665
2018-04-04,34.49,34.49,31.9,32.37,153581
2018-04-09,32.58,33.88,32.08,33.09,121842
2018-04-10,32.68,32.68,30.54,31.88,128012
2018-04-11,31.71,32.44,31.39,31.69,78434
2018-04-12,31.53,32.84,31.47,31.9,94408
2018-04-13,32.54,33.81,32.06,32.76,123509
2018-04-16,32.18,32.4,30.84,32.37,83199
2018-04-17,32.72,33.86,30.84,31.1,111028
2018-04-18,31.76,34.73,30.84,33.71,183444
2018-04-19,33.08,33.35,31.6,31.79,142726
2018-04-20,30.79,32.67,30.66,31.42,105816
2018-04-23,31.39,31.39,27.75,27.75,142006
2018-04-24,27.22,28.9,27.01,28.62,83918
2018-04-25,28.14,29.92,27.98,29.06,86807
2018-04-26,28.39,29.41,27.97,28.05,77049
2018-04-27,28.51,29.03,26.94,27.5,60575
2018-05-02,27.95,28.29,26.4,26.95,61140
2018-05-03,26.76,28.46,26.44,28.42,67287
2018-05-04,28.58,28.94,27.68,27.86,59729
2018-05-07,28.14,28.81,27.91,28.74,50797
2018-05-08,28.67,29.33,28.24,29.01,65338
2018-05-09,28.89,29.74,28.73,29.23,67168
2018-05-10,29.24,29.46,28.21,28.84,59654
2018-05-11,28.84,28.84,27.96,28.1,46820
2018-05-14,28.75,29.22,28.0,28.11,55214
2018-05-15,29.14,29.28,28.44,29.24,76067
2018-05-16,28.82,29.14,28.28,28.44,55729
2018-05-17,28.24,28.68,28.18,28.42,31764
2018-05-18,28.4,28.51,26.85,27.93,64690
2018-05-21,28.25,29.42,28.07,29.16,83046
2018-05-22,29.28,31.12,28.86,30.44,107185
2018-05-23,29.98,31.34,29.97,30.25,106793
2018-05-24,30.18,30.94,29.75,29.95,64840
2018-05-25,29.78,29.95,28.76,29.01,58836
2018-05-28,29.28,31.43,29.24,30.52,109170
2018-05-29,30.2,30.79,29.47,29.86,67297
2018-05-30,28.6,29.28,26.49,26.86,86052
2018-05-31,27.55,27.91,26.83,27.19,51632
2018-06-01,26.63,27.31,25.32,26.14,56389
2018-06-04,26.41,26.93,26.14,26.63,35718
2018-06-05,26.73,27.69,26.63,27.63,42829
2018-06-06,27.59,27.82,27.1,27.45,37965
2018-06-07,27.69,27.77,26.59,26.73,36320
2018-06-08,26.98,27.44,26.66,26.99,33835
2018-06-11,26.99,26.99,26.08,26.21,29052
2018-06-12,26.44,26.62,25.26,26.53,30918
2018-06-13,26.3,27.15,26.08,26.18,33019
2018-06-14,25.8,26.72,25.65,26.22,26185
2018-06-15,26.68,26.68,25.53,25.63,36239
2018-06-19,24.71,25.17,22.56,22.62,63762
2018-06-20,22.47,23.56,22.26,23.11,40963
2018-06-21,23.19,23.28,21.45,21.46,51679
2018-06-22,21.69,22.26,20.37,21.8,38908
2018-06-25,22.2,22.32,21.54,21.64,29788
2018-06-26,21.06,22.59,20.85,22.48,42897
2018-06-27,22.45,22.75,22.15,22.42,38656
2018-06-28,22.33,23.73,22.32,22.81,50404
2018-06-29,22.88,24.09,22.47,24.03,61706
2018-07-02,24.11,24.15,22.59,23.05,51122
2018-07-03,23.15,24.43,22.79,24.41,61027
2018-07-04,24.07,24.24,22.96,23.29,49193
2018-07-05,22.75,23.48,21.86,21.96,35583
2018-07-06,22.15,23.56,21.91,22.61,44725
2018-07-09,22.7,23.84,22.7,23.73,44241
2018-07-10,23.73,24.21,23.57,24.14,50287
2018-07-11,23.35,23.51,22.37,23.04,51725
2018-07-12,23.7,25.51,23.7,24.97,87511
2018-07-13,24.65,25.26,24.37,25.03,64051
2018-07-16,25.19,25.78,25.01,25.03,53642
2018-07-17,24.76,25.85,24.76,25.68,60047
2018-07-18,26.97,27.87,25.96,26.0,102274
2018-07-19,26.16,26.82,25.53,26.12,59103
2018-07-20,25.73,26.31,25.33,26.07,44803
2018-07-23,26.03,27.0,25.85,26.66,48421
2018-07-24,26.54,27.18,26.31,26.68,43328
2018-07-25,26.6,27.14,26.3,26.34,35238
2018-07-26,26.26,26.49,24.86,24.99,48990
2018-07-27,25.12,25.63,25.06,25.42,27885
2018-07-30,25.23,25.56,24.41,24.75,27166
2018-07-31,25.08,25.29,24.31,24.71,24580
2018-08-01,24.94,25.16,24.33,24.43,30368
2018-08-02,24.65,24.65,22.35,23.13,44680
2018-08-03,22.74,23.1,21.88,21.89,37470
2018-08-06,21.96,22.32,21.48,22.01,28000
2018-08-07,22.32,23.47,22.1,23.43,44095
2018-08-08,23.16,23.39,22.6,22.61,29489
2018-08-09,22.41,24.54,22.29,24.08,52976
2018-08-10,24.0,24.95,23.89,24.85,47213
2018-08-13,24.8,26.8,24.62,26.34,80122
2018-08-14,26.11,26.61,25.85,26.36,45263
2018-08-15,26.45,26.66,25.73,25.73,34097
2018-08-16,25.29,27.0,25.14,26.51,59600
2018-08-17,26.79,27.68,26.28,26.5,62511
2018-08-20,26.19,27.53,25.95,27.42,47049
2018-08-21,27.27,27.69,26.73,27.07,41814
2018-08-22,26.59,26.77,26.12,26.13,30582
2018-08-23,26.14,28.63,26.14,28.01,64297
2018-08-24,27.98,29.88,27.78,28.61,83085
2018-08-27,28.76,31.21,28.76,30.75,68761
2018-08-28,30.49,31.12,29.29,29.95,65424
2018-08-29,30.06,30.14,29.33,29.84,38111
2018-08-30,29.61,29.84,28.28,28.54,48096
2018-08-31,28.37,29.01,28.06,28.36,36447
2018-09-03,28.36,29.51,26.94,29.21,56484
2018-09-04,28.79,29.57,28.03,29.23,49687
2018-09-05,29.01,29.05,27.82,27.83,36116
2018-09-06,27.89,29.05,27.45,28.78,38119
2018-09-07,28.69,29.68,27.37,28.01,50202
2018-09-10,27.91,28.42,26.92,27.18,34244
2018-09-11,27.29,29.49,27.24,28.88,51205
2018-09-12,28.89,29.6,28.51,28.95,44600
2018-09-13,29.33,30.22,28.78,29.74,48334
2018-09-14,29.87,29.87,28.15,28.2,34132
2018-09-17,28.0,28.78,27.51,28.19,21071
2018-09-18,28.36,30.05,28.1,29.91,47219
2018-09-19,29.65,31.41,29.35,30.07,58551
2018-09-20,30.07,30.43,29.2,29.46,30586
2018-09-21,29.55,29.79,28.6,29.47,35942
2018-09-25,29.23,30.07,29.02,29.75,23585
2018-09-26,29.56,30.43,29.33,30.02,34058
2018-09-27,29.75,30.56,29.03,29.16,33810
2018-09-28,29.24,29.47,26.84,27.6,49836
2018-10-08,26.93,27.16,26.4,26.62,23669
2018-10-09,26.6,27.22,24.81,25.39,37469
2018-10-10,25.62,25.71,24.67,25.71,36413
2018-10-11,24.02,25.17,22.98,23.27,47436
2018-10-12,23.34,25.21,22.97,24.92,38906
2018-10-15,25.01,26.44,25.01,25.6,32127
2018-10-16,25.4,26.36,24.89,25.88,27152
2018-10-17,26.54,27.05,25.63,26.72,37275
2018-10-18,26.39,26.81,25.74,25.95,23130
2018-10-19,25.26,27.3,25.18,27.26,32463
2018-10-22,27.91,30.43,27.91,30.11,55922
2018-10-23,30.34,31.35,28.43,29.02,72110
2018-10-24,28.83,29.11,28.24,29.0,40694
2018-10-25,27.69,29.98,27.59,29.98,40864
2018-10-26,29.93,30.43,28.84,28.89,30212
2018-10-29,28.62,30.07,28.43,29.48,26161
2018-10-30,29.27,30.38,27.23,30.06,47973
2018-10-31,29.84,31.12,29.54,30.07,41391
2018-11-01,30.66,31.24,30.15,30.18,32220
2018-11-02,31.07,31.35,30.39,31.0,43782
2018-11-05,30.66,31.12,29.2,30.0,42147
2018-11-06,29.75,30.64,29.1,30.56,29666
2018-11-07,30.33,31.35,29.79,30.66,41647
2018-11-08,30.81,31.03,29.06,29.29,34778
2018-11-09,29.09,30.0,28.97,29.38,24115
2018-11-12,29.65,31.12,29.2,31.12,35982
2018-11-13,31.12,32.95,30.76,31.9,52355
2018-11-14,31.59,32.5,31.49,31.72,32872
2018-11-15,31.82,35.24,31.81,34.35,51327
2018-11-16,33.87,34.55,33.06,33.87,40608
2018-11-19,33.86,34.83,33.67,34.28,31518
2018-11-20,33.91,34.0,32.22,32.26,42289
2018-11-21,31.84,32.77,31.67,32.45,23153
2018-11-22,32.54,32.72,31.61,32.31,23200
2018-11-23,32.3,32.3,30.44,31.38,30732
2018-11-26,31.12,32.2,30.79,31.49,23191
2018-11-27,31.83,32.48,31.58,31.94,19433
2018-11-28,31.93,33.49,31.76,33.18,33345
2018-11-29,33.35,33.41,31.07,31.07,34909
2018-11-30,31.03,31.33,30.01,30.89,27055
2018-12-03,32.27,34.39,32.27,33.96,55131
2018-12-04,33.71,33.82,32.95,33.65,28636
2018-12-05,32.95,33.31,32.77,32.96,20074
2018-12-06,32.04,32.04,29.16,29.29,92402
2018-12-07,29.32,30.06,29.06,29.19,41007
2018-12-10,28.91,30.02,28.62,29.74,30520
2018-12-11,29.77,30.06,29.15,29.66,30538
2018-12-12,30.01,30.3,29.64,29.66,20607
2018-12-13,29.71,30.69,29.66,30.3,33467
2018-12-14,30.23,30.56,29.49,29.64,21707
2018-12-17,29.65,29.91,28.74,29.82,19766
2018-12-18,29.61,29.86,29.09,29.28,17043
2018-12-19,29.61,30.04,29.31,29.76,22788
2018-12-20,29.58,30.14,29.58,29.98,18879
2018-12-21,29.75,30.3,29.75,30.14,19546
2018-12-24,30.3,31.85,30.25,31.64,44017
2018-12-25,31.28,32.69,31.17,32.15,45477
2018-12-26,32.13,32.21,31.26,31.43,26909
2018-12-27,32.03,32.22,30.52,30.64,27251
2018-12-28,30.77,31.84,30.2,31.66,29058
2019-01-02,31.73,31.94,30.8,30.81,31632
2019-01-03,30.36,31.28,29.33,29.36,32376
2019-01-04,28.84,30.33,28.84,29.98,31433
2019-01-07,30.3,31.43,30.03,31.33,44517
2019-01-08,33.41,34.55,33.2,33.8,113224
2019-01-09,34.33,35.0,33.72,34.05,66478
2019-01-10,34.46,35.37,34.0,34.11,53304
2019-01-11,34.46,35.67,33.36,33.95,60883
2019-01-14,34.36,34.96,33.51,33.99,42239
2019-01-15,33.32,34.36,32.8,34.33,40345
2019-01-16,34.25,35.68,33.91,35.2,60170
2019-01-17,34.92,35.21,34.46,34.46,28541
2019-01-18,34.51,37.12,33.87,36.74,61753
2019-01-21,36.61,38.44,36.33,37.26,52583
2019-01-22,36.67,37.62,35.96,36.48,43981
2019-01-23,36.29,38.08,36.16,37.5,41264
2019-01-24,37.3,38.85,37.12,38.02,35963
2019-01-25,38.06,38.72,37.62,37.75,26647
2019-01-28,38.22,39.13,37.01,38.42,38843
2019-01-29,37.99,38.42,37.22,38.05,26643
2019-01-30,37.76,38.67,36.11,36.71,37408
2019-01-31,37.07,38.67,37.03,37.88,40534
2019-02-01,38.26,41.09,37.7,40.87,43574
2019-02-11,40.91,42.32,40.58,41.92,37161
2019-02-12,41.77,42.31,40.97,41.5,34194
2019-02-13,41.24,42.73,41.01,41.39,43191
2019-02-14,41.01,41.65,40.54,41.57,40332
2019-02-15,41.26,41.56,40.35,40.51,34605
2019-02-18,40.85,45.04,40.68,44.4,54855
2019-02-19,44.29,44.87,42.45,42.82,52530
2019-02-20,42.5,43.53,41.65,43.33,46543
2019-02-21,42.97,45.5,42.15,42.52,63252
2019-02-22,42.29,45.47,42.11,45.23,52665
2019-02-25,47.15,50.26,46.92,50.25,70477
2019-02-26,49.89,49.89,47.15,47.35,61960
2019-02-27,47.18,48.52,46.46,47.38,41264
2019-02-28,46.69,48.75,46.69,47.97,37399
2019-03-01,48.52,48.75,46.93,48.3,27645
2019-03-04,48.3,50.76,47.75,48.36,60060
2019-03-05,48.06,49.43,47.42,49.09,44479
2019-03-06,49.85,50.01,48.11,49.17,35976
2019-03-07,48.39,49.17,46.14,46.78,57382
2019-03-08,45.41,51.63,44.89,49.11,75127
2019-03-11,49.44,54.53,49.44,54.24,66178
2019-03-12,54.01,55.56,52.99,54.75,58998
2019-03-13,52.64,53.33,48.77,48.77,94093
2019-03-14,48.47,50.25,47.86,49.8,42833
2019-03-15,50.35,51.35,49.03,49.35,38546
2019-03-18,49.35,51.21,48.7,50.96,33904
2019-03-19,50.8,51.95,49.94,50.38,28997
2019-03-20,50.1,50.76,48.61,49.25,30074
2019-03-21,49.23,51.2,48.99,49.85,30142
2019-03-22,49.9,50.58,48.38,49.85,24988
2019-03-25,48.31,50.3,48.31,49.33,30138
2019-03-26,49.33,50.12,46.26,46.5,38762
2019-03-27,47.37,48.52,45.32,47.52,35384
2019-03-28,47.19,51.3,47.07,49.39,45901
2019-03-29,49.85,52.9,48.52,51.91,48087
2019-04-01,52.87,55.47,52.32,55.04,47866
2019-04-02,55.84,55.84,53.56,53.89,31544
2019-04-03,53.33,53.5,51.67,53.02,35101
2019-04-04,53.02,53.46,51.63,52.41,32857
2019-04-08,52.41,52.95,49.9,51.05,39870
2019-04-09,51.27,52.57,50.6,51.77,34105
2019-04-10,50.7,51.5,49.78,50.76,28348
2019-04-11,51.03,51.12,48.38,48.52,35754
2019-04-12,48.91,49.57,48.29,48.75,23254
2019-04-15,50.34,50.74,47.34,47.49,43178
2019-04-16,47.15,52.41,46.83,52.08,62004
2019-04-17,51.72,52.52,50.99,51.6,34372
2019-04-18,51.5,53.09,51.15,51.51,26791
2019-04-19,50.99,52.63,50.99,52.49,23772
2019-04-22,52.49,54.72,51.89,51.91,38890
2019-04-23,51.73,52.87,49.7,50.45,40027
2019-04-24,50.49,51.21,49.52,50.72,25445
2019-04-25,50.63,51.99,49.48,50.08,28589
2019-04-26,49.49,51.29,49.49,50.2,22854
2019-04-29,50.39,50.69,48.45,49.16,24631
2019-04-30,49.03,49.88,48.11,48.91,21362
2019-05-06,45.68,45.68,43.51,43.51,38053
2019-05-07,43.62,43.94,41.19,42.99,37432
2019-05-08,41.61,44.8,41.56,43.95,31192
2019-05-09,43.55,45.17,43.26,43.75,23530
2019-05-10,45.02,47.91,43.95,47.19,33828
2019-05-13,47.15,48.18,46.69,47.58,23060
2019-05-14,46.48,47.85,46.48,46.93,18499
2019-05-15,47.7,48.46,47.21,48.37,20529
2019-05-16,48.12,48.12,44.93,45.41,51660
2019-05-17,45.78,46.72,43.53,43.7,51770
2019-05-20,43.92,44.19,38.86,38.97,121434
2019-05-21,39.25,40.24,38.34,39.26,84149
2019-05-22,39.68,41.2,39.15,39.71,74895
2019-05-23,39.74,39.74,36.51,37.43,93270
2019-05-24,37.43,37.87,36.58,36.85,47403
2019-05-27,36.83,39.25,36.58,38.95,67306
2019-05-28,38.92,39.24,38.27,38.46,42477
2019-05-29,38.36,39.73,38.16,39.08,48001
2019-05-30,38.81,38.82,36.99,38.24,41745
2019-05-31,38.09,38.85,37.87,38.21,29372
2019-06-03,38.59,42.47,38.36,40.96,93935
2019-06-04,41.77,43.31,41.23,41.51,85255
2019-06-05,42.54,43.23,41.57,42.41,57712
2019-06-06,42.73,42.79,39.25,39.42,64405
2019-06-10,39.8,41.8,39.63,41.71,56422
2019-06-11,41.8,42.99,40.63,42.7,52628
2019-06-12,42.63,44.13,42.34,42.74,43349
2019-06-13,42.54,43.08,41.94,42.38,28517
2019-06-14,42.38,43.08,40.87,40.96,33486
2019-06-17,40.95,41.39,40.37,40.69,25119
2019-06-18,40.73,41.27,40.16,40.87,21228
2019-06-19,43.48,44.4,43.31,43.36,81458
2019-06-20,43.38,44.19,42.65,43.61,49776
2019-06-21,44.19,45.62,44.13,44.72,49927
2019-06-24,44.74,44.99,43.59,43.93,27500
2019-06-25,43.97,44.19,43.09,43.93,28219
2019-06-26,43.53,46.21,43.37,45.48,53103
2019-06-27,48.86,50.49,48.86,50.49,54586
2019-06-28,51.33,52.7,48.87,51.29,101585
2019-07-01,52.98,56.76,52.96,54.48,90036
2019-07-02,53.26,54.96,52.87,53.26,57814
2019-07-03,53.26,54.02,52.43,52.97,40487
2019-07-04,52.47,53.41,51.35,52.41,37121
2019-07-05,52.53,52.97,52.09,52.45,24485
2019-07-08,52.45,53.53,51.01,53.34,52988
2019-07-09,52.44,52.96,51.14,51.34,36882
2019-07-10,51.89,52.98,51.34,51.54,29358
2019-07-11,51.64,53.42,51.37,52.76,37030
2019-07-12,53.92,53.92,51.34,51.44,34197
2019-07-15,51.12,54.35,50.52,52.97,44323
2019-07-16,52.59,55.6,52.59,54.49,45549
2019-07-17,54.1,55.01,53.69,53.81,30299
2019-07-18,53.04,54.08,52.13,52.99,28135
2019-07-19,53.53,53.81,52.47,52.65,22300
2019-07-22,52.93,54.3,51.77,53.02,26614
2019-07-23,52.99,54.36,52.6,54.09,31566
2019-07-24,54.11,57.12,53.93,56.68,59765
2019-07-25,57.08,60.4,56.5,58.14,75592
2019-07-26,58.18,58.86,57.52,58.09,36340
2019-07-29,57.93,60.68,57.05,60.24,48365
2019-07-30,60.13,60.37,59.03,59.16,32902
2019-07-31,59.03,60.4,58.92,60.05,29530
2019-08-01,59.63,60.47,58.21,59.03,31920
2019-08-02,56.3,59.18,54.84,57.89,58761
2019-08-05,57.81,59.27,56.39,56.47,49234
2019-08-06,53.81,57.93,53.57,56.58,62738
2019-08-07,57.19,57.37,55.15,55.18,33386
2019-08-08,55.95,58.86,55.18,58.26,46878
2019-08-09,58.01,61.12,56.88,58.75,64262
2019-08-12,59.57,63.91,59.37,63.89,64723
2019-08-13,62.6,63.89,62.02,63.17,42340
2019-08-14,64.65,66.64,61.84,62.32,59412
2019-08-15,58.6,62.63,57.65,61.57,90754
2019-08-16,61.02,62.27,60.4,60.59,47252
2019-08-19,63.53,66.64,61.31,65.35,89631
2019-08-20,65.31,66.72,64.53,65.64,56929
2019-08-21,65.62,69.24,64.49,68.48,61368
2019-08-22,67.77,69.35,66.15,66.93,48307
2019-08-23,66.4,68.55,65.94,67.32,46588
2019-08-26,65.65,69.83,65.65,67.82,62285
2019-08-27,68.75,68.75,66.72,68.04,48502
2019-08-28,67.76,67.92,67.04,67.08,29967
2019-08-29,67.94,71.66,67.94,70.27,76694
2019-08-30,71.58,72.02,67.04,67.75,73691
2019-09-02,67.27,71.32,67.27,70.57,62132
2019-09-03,70.41,72.85,70.02,72.83,56257
2019-09-04,72.3,72.77,70.11,71.7,55133
2019-09-05,71.66,75.18,71.13,72.36,66995
2019-09-06,72.49,74.64,71.3,72.87,45149
2019-09-09,73.63,79.26,72.34,78.3,62544
2019-09-10,77.71,80.38,76.07,77.4,51716
2019-09-11,77.68,82.65,76.57,80.48,70369
2019-09-12,79.97,81.35,76.39,78.24,63724
2019-09-16,78.13,79.8,76.63,78.36,42013
2019-09-17,78.81,79.34,77.25,78.07,36096
2019-09-18,78.59,78.97,74.85,77.49,51018
2019-09-19,77.49,80.73,77.49,80.4,51817
2019-09-20,79.99,83.03,79.91,82.14,61035
2019-09-23,81.82,85.89,81.02,85.79,61433
2019-09-24,85.35,87.53,84.58,84.88,49251
2019-09-25,84.4,85.5,81.09,82.85,59768
2019-09-26,82.96,83.16,76.97,78.31,69567
2019-09-27,78.09,81.72,78.09,81.06,50981
2019-09-30,80.95,81.45,76.5,78.26,42904
2019-10-08,78.79,81.05,71.32,72.34,87593
2019-10-09,72.3,75.99,71.2,75.62,63140
2019-10-10,76.23,78.13,74.75,77.71,45816
2019-10-11,85.95,85.95,80.18,84.03,107644
2019-10-14,84.3,84.54,81.91,83.55,75864
2019-10-15,82.1,82.36,78.25,78.25,67229
2019-10-16,78.73,80.02,76.72,78.64,40944
2019-10-17,79.01,81.38,77.9,81.2,46575
2019-10-18,80.69,81.2,78.19,78.98,39866
2019-10-21,79.14,79.18,75.51,78.26,34984
2019-10-22,78.79,80.59,78.26,78.98,35795
2019-10-23,79.3,80.42,77.76,78.64,37360
2019-10-24,78.09,79.08,76.71,77.42,27973
2019-10-25,77.53,79.57,76.98,79.29,37355
2019-10-28,79.53,82.97,78.27,81.8,60141
2019-10-29,82.1,82.1,77.14,77.68,66379
2019-10-30,78.5,79.03,76.39,77.83,40927
2019-10-31,77.38,78.8,76.61,77.07,33992
2019-11-01,77.16,77.93,76.12,76.86,32887
2019-11-04,77.09,80.46,77.09,79.14,57182
2019-11-05,79.91,80.35,78.37,80.02,40926
2019-11-06,79.9,82.87,79.52,80.96,59259
2019-11-07,79.7,80.95,77.87,80.95,35216
2019-11-08,81.69,82.85,80.76,80.94,45305
2019-11-11,79.36,80.93,78.91,79.21,30629
2019-11-12,79.21,79.57,76.06,79.19,43539
2019-11-13,78.75,80.91,77.92,80.45,40203
2019-11-14,80.55,85.93,80.12,84.96,85269
2019-11-15,85.27,88.46,84.97,85.9,74170
2019-11-18,84.69,86.49,83.21,83.55,53766
2019-11-19,83.7,84.85,82.2,84.47,40251
2019-11-20,84.43,86.94,83.08,83.75,48188
2019-11-21,82.65,84.74,82.52,83.37,31747
2019-11-22,83.91,84.61,78.37,79.4,65111
2019-11-25,79.31,79.31,72.21,73.58,77929
2019-11-26,74.74,74.95,72.53,74.9,50206
2019-11-27,74.52,75.95,73.21,74.87,43183
2019-11-28,74.88,75.45,74.16,74.79,28737
2019-11-29,74.41,76.93,74.17,75.56,41585
2019-12-02,75.4,76.88,74.52,75.43,31995
2019-12-03,74.96,76.06,72.98,75.83,35360
2019-12-04,74.91,75.5,73.75,73.92,39666
2019-12-05,74.41,76.0,73.69,75.42,47291
2019-12-06,75.15,75.34,73.71,74.93,39552
2019-12-09,75.58,76.88,75.51,75.99,48143
2019-12-10,75.76,76.49,74.41,76.06,34735
2019-12-11,76.17,78.78,76.17,78.1,62246
2019-12-12,77.49,78.53,76.5,76.62,55356
2019-12-13,77.71,77.9,75.46,76.5,50228
2019-12-16,76.97,79.45,76.53,79.43,59716
2019-12-17,79.98,81.45,79.05,80.43,56843
2019-12-18,80.45,80.45,78.2,78.34,41993
2019-12-19,78.53,78.53,76.72,77.05,27659
2019-12-20,77.07,78.05,76.31,76.71,26184
2019-12-23,75.48,75.49,72.21,72.58,51979
2019-12-24,72.88,73.75,72.66,73.13,19676
2019-12-25,73.26,74.88,73.2,73.74,27460
2019-12-26,73.95,74.95,73.31,73.93,19874
2019-12-27,74.15,74.48,72.03,72.29,35365
2019-12-30,72.32,73.79,70.11,73.52,33004
2019-12-31,73.31,74.35,73.07,73.37,17045
2020-01-02,74.47,77.32,72.93,76.97,56046
2020-01-03,77.71,77.77,75.32,75.55,38434
2020-01-06,75.24,76.72,74.41,76.08,35418
2020-01-07,75.68,77.16,75.68,77.0,28237
2020-01-08,76.6,76.6,74.91,75.29,27980
2020-01-09,75.9,78.37,75.68,78.2,44109
2020-01-10,78.46,80.86,78.26,80.25,48577
2020-01-13,81.72,88.74,80.76,88.74,79039
2020-01-14,92.38,92.38,86.78,89.77,76324
2020-01-15,89.04,90.04,87.24,88.83,42124
2020-01-16,88.98,89.55,88.15,89.46,37748
2020-01-17,89.69,90.34,87.6,87.87,31602
2020-01-20,87.88,91.65,87.66,90.02,46299
2020-01-21,88.81,91.99,88.81,89.52,35932
2020-01-22,88.7,98.94,87.87,97.64,77029
2020-01-23,95.84,97.87,90.48,92.81,62921
2020-02-03,83.06,83.06,83.06,83.06,9103
2020-02-04,78.81,88.59,78.81,86.37,67851
2020-02-05,85.95,89.89,84.75,85.76,53703
2020-02-06,84.9,88.09,84.67,87.05,41231
2020-02-07,86.63,93.96,85.99,92.82,56043
2020-02-10,90.96,95.92,90.96,92.43,45848
2020-02-11,93.05,95.19,91.45,94.19,44291
2020-02-12,93.97,95.35,92.23,94.83,43001
2020-02-13,94.87,100.53,94.86,99.06,61331
2020-02-14,99.66,104.41,97.49,102.6,59609
2020-02-17,104.17,113.33,101.8,113.33,67957
2020-02-18,115.69,116.17,109.65,114.14,74225
2020-02-19,112.32,120.01,111.88,114.47,62447
2020-02-20,114.41,117.26,112.88,116.18,48391
2020-02-21,115.23,126.39,114.8,124.36,58605
2020-02-24,124.36,137.27,121.72,137.27,61621
2020-02-25,132.72,145.14,123.92,134.63,109356
2020-02-26,129.36,132.54,120.7,120.7,86201
2020-02-27,120.46,120.65,112.55,116.77,80400
2020-02-28,108.49,113.91,106.49,109.35,78654
2020-03-02,114.52,120.75,113.42,120.75,63778
2020-03-03,127.15,129.9,116.98,117.96,91361
2020-03-04,116.74,122.23,113.91,120.4,56205
2020-03-05,125.58,128.81,115.68,119.47,72179
2020-03-06,113.97,121.95,113.97,120.55,45582
2020-03-09,118.92,124.41,115.1,118.31,58805
2020-03-10,116.45,130.61,116.45,130.61,87865
2020-03-11,132.17,139.8,130.57,131.02,84967
2020-03-12,126.69,132.93,125.51,132.87,68134
2020-03-13,124.96,139.91,124.96,137.37,78516
2020-03-16,138.7,141.72,123.16,126.77,87786
2020-03-17,129.36,131.01,114.12,121.43,81930
2020-03-18,123.31,124.68,116.96,117.93,62686
2020-03-19,116.72,123.64,107.38,120.24,80514
2020-03-20,121.66,122.21,108.37,110.62,100315
2020-03-23,104.63,109.58,99.14,100.69,78370
2020-03-24,103.58,104.62,94.68,101.61,70927
2020-03-25,106.55,110.48,105.24,109.71,73203
2020-03-26,107.93,110.77,106.91,108.16,35503
2020-03-27,111.77,112.32,107.87,108.07,37695
2020-03-30,105.13,106.99,100.79,104.92,42722
2020-03-31,107.0,108.26,103.09,103.76,36308
2020-04-01,104.08,107.16,101.88,104.63,40777
2020-04-02,103.95,111.75,103.54,110.93,59795
2020-04-03,109.25,111.16,108.26,109.3,34268
2020-04-07,113.42,115.01,111.6,112.42,49906
2020-04-08,111.23,115.73,110.73,114.25,40760
2020-04-09,116.66,121.55,115.62,118.95,46593
2020-04-10,120.01,124.23,116.55,119.41,54897
2020-04-13,117.48,118.85,111.77,112.85,40944
2020-04-14,113.97,120.44,112.87,119.47,43895
2020-04-15,120.77,123.08,117.82,118.05,39331
2020-04-16,117.27,120.87,115.24,119.64,35034
2020-04-17,121.29,124.22,120.5,121.77,50467
2020-04-20,121.67,125.97,121.23,125.21,39039
2020-04-21,123.86,126.51,121.61,126.11,36833
2020-04-22,124.14,125.25,121.12,123.21,34655
2020-04-23,123.21,123.86,120.77,121.61,24148
2020-04-24,121.61,123.8,117.71,119.33,27508
2020-04-27,119.38,121.32,115.55,118.69,27193
2020-04-28,119.85,124.17,117.54,121.3,37291
2020-04-29,120.57,121.1,118.09,118.32,26536
2020-04-30,119.71,126.39,119.71,123.53,46772
2020-05-06,121.78,130.88,121.61,129.85,52963
2020-05-07,133.75,134.71,129.08,131.93,52024
2020-05-08,131.93,136.87,131.93,136.12,44413
2020-05-11,137.26,137.58,131.68,133.53,38471
2020-05-12,133.51,136.24,130.44,135.57,36203
2020-05-13,135.69,136.61,129.98,133.12,64782
2020-05-14,133.08,136.92,132.08,133.84,48141
2020-05-15,135.2,141.74,133.07,136.75,64565
2020-05-18,136.69,136.69,124.38,126.4,121329
2020-05-19,126.47,128.65,124.52,127.7,63174
2020-05-20,127.8,129.29,124.79,126.62,43355
2020-05-21,126.62,127.45,123.23,123.62,45411
2020-05-22,123.69,125.15,119.38,120.38,42719
2020-05-25,118.85,120.77,115.15,116.92,63562
2020-05-26,118.57,120.15,116.31,117.46,58280
2020-05-27,117.72,117.75,112.0,112.15,68275
2020-05-28,112.24,114.08,110.19,113.06,48562
2020-05-29,111.31,113.58,110.15,112.08,30843
2020-06-01,112.92,117.94,112.92,116.78,68872
2020-06-02,117.85,117.97,115.55,116.92,40549
2020-06-03,117.13,118.61,115.01,116.31,49450
2020-06-04,116.62,117.23,115.06,115.56,29021
2020-06-05,116.23,118.1,115.64,117.72,41589
2020-06-08,119.01,122.0,117.69,117.84,50573
2020-06-09,118.23,119.33,116.1,117.62,39982
2020-06-10,117.46,117.46,113.87,114.38,53301
2020-06-11,114.35,115.98,113.62,113.93,52690
2020-06-12,111.27,113.75,109.78,113.4,59257
2020-06-15,111.69,113.31,110.54,111.8,43523
2020-06-16,113.73,120.46,113.73,118.85,101772
2020-06-17,119.77,120.15,116.46,118.58,60788
2020-06-18,119.01,123.22,118.31,121.79,74970
2020-06-19,121.82,122.55,120.0,121.66,54461
2020-06-22,122.45,123.9,120.85,121.29,62970
2020-06-23,120.46,120.98,117.13,118.49,65866
2020-06-24,118.39,125.65,118.29,124.45,104974
2020-06-29,123.58,123.61,121.31,123.16,60599
2020-06-30,124.38,126.65,123.63,124.78,64604
2020-07-01,125.02,127.84,122.85,125.92,77259
2020-07-02,125.52,126.38,123.31,124.08,77385
2020-07-03,125.02,126.68,123.47,125.94,74508
2020-07-06,126.65,132.85,126.62,131.29,97508
2020-07-07,134.22,140.15,131.31,134.9,113175
2020-07-08,134.81,138.23,133.62,137.15,83063
2020-07-09,137.07,148.23,135.9,145.23,108090
2020-07-10,142.48,145.15,139.01,140.58,99113
2020-07-13,145.3,146.31,141.98,144.79,101254
2020-07-14,143.69,143.69,134.85,137.5,125284
2020-07-15,137.46,138.23,129.0,129.24,123669
2020-07-16,129.26,132.46,118.69,121.05,107274
2020-07-17,121.05,122.85,118.23,121.05,74778
2020-07-20,121.56,123.55,118.15,122.99,71211
2020-07-21,123.6,124.7,121.3,122.58,57829
2020-07-22,122.65,124.38,120.92,122.62,69876
2020-07-23,122.08,122.08,116.3,119.38,86635
2020-07-24,118.23,119.62,112.08,112.46,83124
2020-07-27,113.27,113.62,107.5,109.67,79971
2020-07-28,111.32,111.92,107.88,109.16,58322
2020-07-29,109.45,114.38,109.44,114.18,78871
2020-07-30,115.17,115.38,112.11,113.32,59273
2020-07-31,113.26,117.08,112.85,114.49,65704
2020-08-03,115.38,118.02,114.54,117.96,69342
2020-08-04,118.38,118.82,115.08,116.69,64359
2020-08-05,121.32,123.27,117.85,118.27,76449
2020-08-06,118.25,118.25,114.92,115.95,49858
2020-08-07,115.15,115.65,109.77,112.01,59245
2020-08-10,111.16,113.52,110.38,112.59,42851
2020-08-11,112.74,113.18,110.15,110.26,47873
2020-08-12,110.15,110.46,105.08,107.58,65607
2020-08-13,108.79,108.79,106.29,106.69,33030
2020-08-14,107.23,108.38,106.37,107.89,38885
2020-08-17,107.9,110.1,107.6,109.78,52905
2020-08-18,109.52,110.28,108.23,108.57,46039
2020-08-19,108.46,108.5,104.85,105.08,64345
2020-08-20,105.17,107.85,105.15,105.8,54978
2020-08-21,107.06,107.45,102.33,103.23,79028
2020-08-24,103.23,105.68,98.48,104.35,80121
2020-08-25,104.36,107.22,104.35,106.77,67889
2020-08-26,106.85,106.88,101.19,101.54,67793
2020-08-27,101.31,103.15,100.09,101.52,49387
2020-08-28,101.56,103.22,100.4,102.95,50205
2020-08-31,103.19,105.88,102.51,102.58,54678
2020-09-01,102.85,105.0,101.38,104.95,43844
2020-09-02,105.83,105.85,103.23,104.15,38896
2020-09-03,104.38,104.38,101.69,102.08,44078
2020-09-04,100.15,103.88,99.77,102.15,41031
2020-09-07,102.12,102.63,98.28,98.28,55005
2020-09-08,98.28,98.98,90.72,91.29,108644
2020-09-09,89.23,89.75,85.16,85.18,104565
2020-09-10,86.77,87.61,83.95,84.02,67245
2020-09-11,83.95,85.38,83.65,85.29,52186
2020-09-14,86.02,87.05,84.21,84.93,51225
2020-09-15,85.15,86.6,83.72,85.62,52204
2020-09-16,85.99,86.0,84.08,84.46,35250
2020-09-17,84.45,91.65,82.46,90.19,108819
2020-09-18,88.62,89.55,87.09,89.12,75624
2020-09-21,89.1,93.01,88.7,91.68,76727
2020-09-22,90.38,91.68,89.69,90.14,39441
2020-09-23,90.38,90.54,88.32,89.12,35438
2020-09-24,87.53,88.46,86.15,86.37,40817
2020-09-25,87.08,87.6,85.54,86.38,26231
2020-09-28,85.98,87.85,84.77,86.28,31875
2020-09-29,87.12,88.07,85.98,86.02,34746
2020-09-30,86.45,86.95,85.0,85.54,25950
2020-10-09,87.04,89.34,86.95,88.98,49708
2020-10-12,90.23,93.23,90.15,93.23,69594
2020-10-13,93.62,93.92,92.55,93.37,45012
2020-10-14,92.85,92.85,89.82,90.46,54848
2020-10-15,90.85,91.29,89.67,90.54,31203
2020-10-16,89.76,90.72,89.46,90.0,25909
2020-10-19,90.81,91.69,88.42,88.5,31392
2020-10-20,88.23,89.38,87.88,89.37,24780
2020-10-21,89.39,89.62,85.58,86.04,42563
2020-10-22,86.04,87.84,85.13,87.42,31437
2020-10-23,88.07,88.6,84.77,85.13,30675
2020-10-26,84.38,84.84,83.38,84.27,22414
2020-10-27,83.99,85.86,83.35,85.65,22984
2020-10-28,80.61,82.46,77.1,78.23,105114
2020-10-29,76.7,77.96,75.22,76.68,60347
2020-10-30,77.54,81.98,77.38,78.85,76105
2020-11-02,79.31,79.61,72.84,75.04,95076
2020-11-03,75.05,78.18,74.56,77.13,66201
2020-11-04,78.08,79.44,77.15,77.69,51254
2020-11-05,79.23,85.15,77.91,84.89,120355
2020-11-06,84.41,87.29,84.41,86.08,101103
2020-11-09,89.77,92.55,88.24,92.0,125983
2020-11-10,92.08,92.08,88.23,88.55,74851
2020-11-11,88.23,88.5,85.06,85.08,58174
2020-11-12,86.43,88.05,85.38,86.34,43441
2020-11-13,86.15,87.28,84.38,86.68,38812
2020-11-16,86.69,87.12,84.25,84.31,46108
2020-11-17,84.17,84.89,81.31,83.95,48295
2020-11-18,84.0,84.82,79.38,79.39,73867
2020-11-19,78.76,81.48,77.97,81.07,51936
2020-11-20,81.0,81.92,79.7,80.38,35014
2020-11-23,80.28,80.79,78.81,79.75,41680
2020-11-24,80.27,80.92,79.08,79.37,38890
2020-11-25,79.38,80.62,78.15,79.59,43980
2020-11-26,79.72,79.98,78.0,78.2,35181
2020-11-27,78.1,78.82,76.72,77.17,39729
2020-11-30,77.18,78.67,76.32,78.03,45388
2020-12-01,77.82,80.45,77.46,80.23,55445
2020-12-02,80.54,81.02,79.08,80.73,52281
2020-12-03,80.93,82.27,80.07,80.5,37734
2020-12-04,80.38,82.68,80.08,82.3,50708
2020-12-07,82.54,84.38,80.08,81.49,52765
2020-12-08,80.54,80.92,78.52,79.0,44857
2020-12-09,79.01,79.38,77.28,77.28,32946
2020-12-10,77.08,79.0,76.86,78.15,29407
2020-12-11,77.98,81.28,77.15,79.77,68042
2020-12-14,79.82,83.46,79.38,83.46,72124
2020-12-15,82.85,84.3,81.99,83.0,49312
2020-12-16,82.93,86.6,82.69,85.65,72060
2020-12-17,85.92,86.52,84.38,85.77,52422
2020-12-18,86.5,87.29,80.69,81.36,75148
2020-12-21,80.54,82.98,79.01,81.29,46419
2020-12-22,80.54,81.0,77.55,77.68,58931
2020-12-23,77.76,79.51,76.72,79.31,48210
2020-12-24,79.0,80.08,77.91,78.0,28349
2020-12-25,78.0,78.23,76.46,77.05,36439
2020-12-28,76.67,76.67,74.38,74.75,41351
2020-12-29,74.74,79.23,74.64,78.22,58031
2020-12-30,77.69,78.87,76.31,78.25,43224
2020-12-31,79.0,80.24,78.24,79.05,39397
2021-01-04,79.05,82.22,78.57,81.97,60159
2021-01-05,81.27,90.58,80.62,90.58,144502
2021-01-06,90.69,92.35,87.52,88.96,105630
2021-01-07,88.36,96.95,88.36,94.51,147182
2021-01-08,94.82,99.12,92.98,97.12,123372
2021-01-11,97.16,103.52,97.11,98.28,138263
2021-01-12,97.46,100.54,94.94,98.68,90927
2021-01-13,98.89,102.33,97.69,99.78,93287
2021-01-14,99.82,102.37,96.52,97.02,95697
2021-01-15,96.58,98.91,94.37,97.63,87646
2021-01-18,97.75,102.08,96.8,99.99,80988
2021-01-19,100.08,100.12,96.92,97.0,61035
2021-01-20,97.08,97.08,93.77,94.92,67927
2021-01-21,95.42,96.42,93.32,93.91,54158
2021-01-22,94.0,94.38,90.88,92.03,75103
2021-01-25,91.69,91.88,88.23,89.2,66963
2021-01-26,89.47,94.38,89.45,90.16,75113
2021-01-27,90.52,91.05,86.69,86.94,69752
2021-01-28,85.17,86.52,81.3,81.35,76250
2021-01-29,82.22,82.61,77.46,78.49,68997
2021-02-01,78.63,81.32,77.69,79.05,54788
2021-02-02,79.68,80.23,77.38,78.85,50977
2021-02-03,78.38,81.13,77.08,78.23,66391
2021-02-04,77.84,80.75,74.88,80.68,76472
2021-02-05,79.92,80.43,77.47,77.56,50329
2021-02-08,77.16,78.91,77.15,78.35,37915
2021-02-09,78.85,83.31,77.55,82.65,64913
2021-02-10,81.92,83.51,81.01,82.78,50386
2021-02-18,84.11,85.92,83.08,83.33,54921
2021-02-19,82.85,84.85,81.17,84.62,47820
2021-02-22,84.65,87.18,83.65,84.28,54941
2021-02-23,83.77,84.62,81.98,82.39,40883
2021-02-24,82.54,86.37,82.39,85.06,65122
2021-02-25,85.54,85.92,83.23,83.8,37340
2021-02-26,81.92,83.8,80.13,80.55,48266
2021-03-01,80.54,85.61,80.54,85.09,50285
2021-03-02,84.85,85.54,83.52,84.51,35257
2021-03-03,83.62,84.77,82.78,84.62,33223
2021-03-04,83.92,85.38,82.27,82.5,35603
2021-03-05,81.37,85.38,81.32,84.69,44984
2021-03-08,85.23,87.74,83.85,83.92,59261
2021-03-09,84.04,84.65,78.25,79.46,61888
2021-03-10,80.79,80.91,77.28,77.45,44291
2021-03-11,77.76,79.69,76.6,79.07,34077
2021-03-12,79.0,79.04,77.28,77.78,27137
2021-03-15,75.92,75.92,69.7,70.77,93307
2021-03-16,70.0,70.68,66.31,66.75,98155
2021-03-17,66.07,67.08,64.49,67.05,61795
2021-03-18,66.82,67.08,65.77,65.98,40137
2021-03-19,65.15,66.66,64.78,65.55,36579
2021-03-22,65.48,66.3,65.22,66.08,25463
2021-03-23,66.41,67.5,66.1,66.68,33206
2021-03-24,66.32,66.38,64.99,65.15,28035
2021-03-25,65.0,65.65,64.78,65.39,18803
2021-03-26,65.52,65.65,62.69,64.62,66047
2021-03-29,64.85,65.53,64.04,64.23,36296
2021-03-30,64.23,64.65,63.04,64.25,34195
2021-03-31,64.32,64.48,63.0,63.64,27139
2021-04-01,64.15,65.68,63.69,65.32,44007
2021-04-02,65.92,68.2,65.92,68.17,61718
2021-04-06,68.94,69.08,66.7,66.88,37348
2021-04-07,66.93,67.07,65.46,66.42,28308
2021-04-08,66.29,67.31,65.69,65.96,24369
2021-04-09,65.79,66.48,65.45,65.68,20041
2021-04-12,65.69,65.72,63.31,63.41,33855
2021-04-13,59.77,59.82,56.66,56.77,100354
2021-04-14,56.69,57.43,56.16,57.22,43687
2021-04-15,56.81,57.2,56.31,56.52,30995
2021-04-16,56.31,57.08,56.27,56.65,28911
2021-04-19,56.63,58.68,56.37,58.42,41128
2021-04-20,58.15,58.92,57.81,58.0,25398
2021-04-21,57.9,58.88,57.15,58.22,26390
2021-04-22,58.25,60.04,58.25,58.65,30781
2021-04-23,58.58,59.15,57.83,58.44,20664
2021-04-26,58.44,59.31,57.31,57.33,32257
2021-04-27,57.33,57.76,56.24,56.36,28298
2021-04-28,56.37,59.09,55.55,58.22,42112
2021-04-29,57.96,59.59,57.81,58.19,30883
2021-04-30,58.54,58.54,56.6,56.98,28175
2021-05-06,56.85,57.96,56.01,56.62,21557
2021-05-07,56.83,57.24,55.62,55.83,28687
2021-05-10,55.6,55.6,53.91,54.05,33058
2021-05-11,53.75,56.23,53.52,56.09,31745
2021-05-12,55.92,58.15,55.49,57.5,34551
2021-05-13,57.38,58.88,56.76,57.15,33913
2021-05-14,56.85,58.31,56.52,57.86,31421
2021-05-17,58.23,59.32,57.74,57.88,33577
2021-05-18,57.55,58.23,56.71,58.05,20485
2021-05-19,58.3,58.41,57.35,58.0,18853
2021-05-20,58.16,58.68,57.68,58.38,24534
2021-05-21,58.33,58.81,56.51,56.6,30543
2021-05-24,56.53,59.32,55.77,59.31,51898
2021-05-25,59.22,60.15,59.0,59.9,46260
2021-05-26,59.91,60.5,59.29,59.43,35544
2021-05-27,59.72,63.52,59.45,62.36,81522
2021-05-28,62.08,62.31,60.85,61.18,48920
2021-05-31,61.17,62.81,61.15,62.59,42618
2021-06-01,62.81,63.27,61.42,62.15,41129
2021-06-02,62.15,62.28,60.11,60.18,41976
2021-06-03,60.72,62.68,60.15,61.14,42240
2021-06-04,60.94,63.46,60.74,63.07,59326
2021-06-07,64.33,68.35,64.27,67.85,92434
2021-06-08,67.85,71.75,66.87,69.98,102681
2021-06-09,69.81,70.17,67.39,67.69,64066
2021-06-10,67.55,68.95,67.24,68.0,54157
2021-06-11,68.57,68.57,65.88,66.38,62677
2021-06-15,66.58,68.38,66.4,67.36,39962
2021-06-16,67.33,69.66,66.83,67.55,45695
2021-06-17,66.88,70.72,66.69,70.69,70969
2021-06-18,70.73,71.04,68.69,69.12,47447
2021-06-21,68.19,68.56,66.65,68.22,45888
2021-06-22,68.22,69.26,67.1,69.1,40737
2021-06-23,69.11,72.0,68.73,71.41,74435
2021-06-24,73.96,78.88,73.96,78.88,97763
2021-06-25,79.18,81.55,76.67,81.15,140141
2021-06-28,80.5,82.35,78.42,81.04,81941
2021-06-29,80.5,80.99,78.56,78.65,61966
2021-06-30,78.88,82.5,78.88,82.14,69800
2021-07-01,82.73,82.73,78.75,78.87,46114
2021-07-02,77.58,79.98,77.45,78.46,47114
2021-07-05,79.18,81.27,78.46,79.98,37594
2021-07-06,80.04,80.68,78.19,79.26,37239
2021-07-07,79.26,79.95,78.19,79.4,29160
2021-07-08,79.96,80.19,78.72,79.72,39210
2021-07-09,78.95,80.75,75.88,80.42,60669
2021-07-12,80.4,81.08,78.73,78.88,41934
2021-07-13,78.47,84.81,77.82,83.75,82987
2021-07-14,82.88,86.43,81.25,81.35,64223
2021-07-15,81.65,83.48,79.5,80.58,39921
2021-07-16,80.66,81.68,78.72,80.7,39829
2021-07-19,80.71,85.88,79.42,84.44,58010
2021-07-20,84.35,84.35,82.12,83.65,38487
2021-07-21,84.18,85.75,82.82,84.38,42998
2021-07-22,84.81,89.46,84.8,88.38,75652
2021-07-23,90.5,90.84,86.71,87.96,49324
2021-07-26,88.13,89.45,83.35,86.25,57692
2021-07-27,85.88,93.58,85.27,88.88,97854
2021-07-28,85.96,86.8,79.96,84.42,72053
2021-07-29,86.28,88.58,85.42,87.88,61175
2021-07-30,87.78,90.68,86.27,90.19,62425
2021-08-02,91.27,94.08,88.24,91.08,75430
2021-08-03,89.65,92.38,85.58,85.82,71951
2021-08-04,86.24,88.34,85.39,86.64,49402
2021-08-05,86.97,88.95,82.77,82.87,65515
2021-08-06,81.35,83.4,78.28,78.71,77118
2021-08-09,78.68,79.96,75.89,79.96,59239
2021-08-10,79.96,81.12,78.41,79.42,36342
2021-08-11,78.42,79.21,77.08,77.7,32517
2021-08-12,76.68,79.31,76.68,77.37,25478
2021-08-13,77.3,77.81,75.35,75.38,33456
2021-08-16,75.12,76.39,74.04,74.31,31930
2021-08-17,74.31,74.72,70.31,70.42,60122
2021-08-18,70.52,71.27,68.81,69.58,37768
2021-08-19,70.12,71.85,69.58,70.04,31161
2021-08-20,67.62,70.55,66.08,70.45,40071
2021-08-23,71.26,71.26,69.6,70.8,26839
2021-08-24,71.58,73.48,70.36,73.21,35443
2021-08-25,72.82,73.56,70.95,71.1,27373
2021-08-26,71.65,71.88,70.27,71.22,18509
2021-08-27,70.68,71.12,69.95,70.27,17093
2021-08-30,71.18,71.18,67.28,67.88,34139
2021-08-31,67.85,68.55,65.62,66.99,32503
2021-09-01,66.73,67.16,65.02,66.36,26718
2021-09-02,66.18,66.98,65.12,65.36,27387
2021-09-03,65.22,67.56,65.15,66.16,20358
2021-09-06,66.25,69.12,65.51,69.08,30971
2021-09-07,68.91,69.92,68.19,68.87,23422
2021-09-08,68.81,69.22,67.93,69.19,20667
2021-09-09,69.2,69.26,67.81,68.42,14923
2021-09-10,68.46,69.73,67.04,68.89,25899
2021-09-13,68.58,69.42,66.98,67.27,19739
2021-09-14,67.27,70.25,67.0,68.28,28763
2021-09-15,67.89,68.87,66.93,67.85,19075
2021-09-16,67.58,67.76,65.89,66.04,19068
2021-09-17,66.04,67.42,65.89,67.34,15699
2021-09-22,66.85,69.73,66.15,69.25,21317
2021-09-23,69.65,72.08,68.62,71.18,33804
2021-09-24,70.81,71.65,69.97,70.57,18110
2021-09-27,72.42,73.19,69.28,70.24,25380
2021-09-28,70.24,71.08,68.96,70.25,16983
2021-09-29,69.37,69.73,67.87,68.5,19493
2021-09-30,68.19,70.18,68.19,69.59,12985
2021-10-08,70.12,71.25,69.45,70.18,12326
2021-10-11,69.73,70.85,69.43,69.59,12080
2021-10-12,69.42,69.42,66.56,67.42,19096
2021-10-13,67.42,68.05,66.77,67.95,8546
2021-10-14,68.12,68.56,67.27,67.48,6492
2021-10-15,67.42,68.62,66.82,67.78,10436
2021-10-18,67.72,67.78,66.05,66.45,13362
2021-10-19,66.46,67.41,66.35,66.89,10628
2021-10-20,66.88,67.41,66.5,66.5,8957
2021-10-21,66.84,67.01,65.1,65.12,17666
2021-10-22,65.36,66.02,64.32,65.27,15466
2021-10-25,65.35,65.38,62.42,63.22,30056
2021-10-26,63.15,67.56,62.95,66.0,34783
2021-10-27,66.0,66.04,63.93,64.46,15763
2021-10-28,64.46,65.63,63.73,63.85,13498
2021-10-29,64.36,65.03,63.2,64.98,14522
2021-11-01,71.82,71.82,71.82,71.82,21028
2021-11-02,78.03,79.33,76.08,79.33,74734
2021-11-03,78.72,81.75,78.08,79.36,167591
2021-11-04,81.26,82.5,79.53,82.05,97990
2021-11-05,81.36,85.12,80.88,83.46,76786
2021-11-08,82.74,83.27,79.85,80.8,68511
2021-11-09,81.08,81.41,79.37,81.12,58155
2021-11-10,80.81,82.03,79.83,81.15,34150
2021-11-11,80.87,81.68,79.58,80.19,41034
2021-11-12,80.55,82.33,80.12,81.03,52233
2021-11-15,80.91,84.16,80.5,82.6,59342
2021-11-16,82.28,84.71,81.87,82.05,56157
2021-11-17,81.76,83.55,81.62,83.52,40486
2021-11-18,83.02,84.41,82.04,82.57,43006
2021-11-19,82.12,83.27,81.74,82.75,34467
2021-11-22,82.93,84.1,81.99,83.65,48077
2021-11-23,83.07,83.4,81.12,81.18,67024
2021-11-24,81.18,83.88,80.2,81.53,61080
2021-11-25,81.04,82.23,79.57,79.98,38350
2021-11-26,79.66,80.95,78.32,79.25,33234
2021-11-29,79.25,80.11,77.19,77.96,46287
2021-11-30,78.48,80.5,77.22,77.42,43610
2021-12-01,76.96,79.5,76.96,77.98,28281
2021-12-02,77.85,78.56,76.34,77.29,28951
2021-12-03,77.3,79.18,76.65,78.57,32568
2021-12-06,78.95,78.95,75.77,76.28,27125
2021-12-07,76.92,77.62,75.0,75.24,26477
2021-12-08,75.42,79.3,75.42,78.8,37548
2021-12-09,78.88,80.95,77.88,80.77,40158
2021-12-10,80.69,80.69,78.65,79.02,27711
2021-12-13,79.65,83.06,79.35,81.33,36788
2021-12-14,80.5,82.35,80.5,80.96,23187
2021-12-15,80.41,81.95,80.25,81.28,24560
2021-12-16,81.71,82.18,80.38,80.96,17520
2021-12-17,80.88,81.12,77.98,78.75,29512
2021-12-20,78.09,80.17,76.13,76.44,21624
2021-12-21,76.5,77.23,75.78,76.21,20408
2021-12-22,76.35,84.01,75.98,82.35,67937
2021-12-23,82.35,87.19,81.88,85.95,74344
2021-12-24,86.65,88.42,85.73,87.4,54815
2021-12-27,87.4,87.8,85.25,85.58,26855
2021-12-28,86.27,88.04,85.87,87.25,48092
2021-12-29,86.67,87.81,85.38,86.28,42954
2021-12-30,86.68,91.44,85.88,89.65,58152
2021-12-31,89.78,90.68,88.58,90.36,35447
2022-01-04,89.88,91.84,88.64,90.6,34910
2022-01-05,89.04,90.41,85.88,87.64,48331
2022-01-06,86.8,88.04,84.35,85.88,31540
2022-01-07,85.45,87.08,84.51,84.72,16910
2022-01-10,84.72,86.25,81.35,85.92,36475
2022-01-11,85.41,86.39,83.35,83.45,20037
2022-01-12,84.16,85.73,79.73,84.53,24881
2022-01-13,84.53,84.53,80.92,81.27,22072
2022-01-14,81.26,83.47,80.12,81.39,21987
2022-01-17,81.39,84.65,80.58,83.42,24229
2022-01-18,83.19,88.53,82.54,85.97,42769
2022-01-19,85.89,86.98,84.72,85.35,30057
2022-01-20,85.12,89.24,85.12,89.12,63709
2022-01-21,88.54,89.27,84.65,85.31,45669
2022-01-24,85.41,86.65,84.21,85.41,25672
2022-01-25,84.93,88.95,83.78,84.23,50939
2022-01-26,83.77,86.32,83.69,86.05,34814
2022-01-27,85.5,86.81,84.58,86.08,32154
2022-01-28,86.08,88.96,82.81,87.58,45479
2022-02-07,87.54,89.14,79.42,87.64,73390
2022-02-08,86.32,86.58,81.42,82.77,39243
2022-02-09,81.91,83.79,80.72,82.92,24578
2022-02-10,86.27,89.02,85.04,86.27,52529
2022-02-11,85.88,86.24,83.12,85.15,37876
2022-02-14,83.96,85.39,82.02,83.35,31367
2022-02-15,82.88,85.02,82.87,83.39,18488
2022-02-16,83.91,83.96,81.65,81.72,19790
2022-02-17,81.73,84.62,81.18,82.69,20615
2022-02-18,81.85,82.02,79.6,80.31,27020
2022-02-21,80.31,83.38,79.87,82.85,28292
2022-02-22,82.18,82.49,80.35,81.19,23094
2022-02-23,80.5,87.42,80.42,86.44,49441
2022-02-24,85.6,87.42,82.97,84.61,31939
2022-02-25,85.88,86.85,84.72,86.57,29945
2022-02-28,86.65,87.42,85.31,86.69,17187
2022-03-01,86.65,87.38,84.88,85.99,18176
2022-03-02,85.27,85.31,83.43,83.58,24380
2022-03-03,84.14,84.56,80.51,80.74,25506
2022-03-04,80.54,82.36,80.42,81.35,15422
2022-03-07,81.31,81.31,77.63,78.13,27613
2022-03-08,78.13,78.54,73.34,75.42,41915
2022-03-09,75.12,76.81,72.05,73.96,29090
2022-03-10,76.65,76.65,74.02,74.58,20199
2022-03-11,73.41,74.75,72.1,74.65,22482
2022-03-14,73.71,74.18,70.48,70.55,31747
2022-03-15,69.82,72.1,68.35,69.42,30841
2022-03-16,71.27,72.04,67.41,70.51,29575
2022-03-17,72.19,74.73,71.6,73.42,32130
2022-03-18,73.58,73.58,71.2,72.04,18652
2022-03-21,72.24,72.96,71.53,71.88,15731
2022-03-22,71.87,71.87,70.0,70.3,24004
2022-03-23,70.34,71.71,69.81,71.49,20048
2022-03-24,70.88,71.02,69.5,70.27,15683
2022-03-25,70.58,70.83,68.88,69.01,14368
2022-03-28,68.29,68.84,66.65,68.3,16130
2022-03-29,68.19,69.35,65.88,66.24,22354
2022-03-30,67.08,67.73,66.41,67.72,15157
2022-03-31,67.15,67.59,66.12,66.46,13666
2022-04-01,66.25,67.32,66.25,66.88,18284
2022-04-06,66.74,67.65,66.16,66.61,15834
2022-04-07,66.65,67.42,66.04,66.84,16695
2022-04-08,66.92,67.11,64.98,65.84,21572
2022-04-11,65.64,65.64,62.6,62.82,22575
2022-04-12,63.05,66.52,63.02,66.51,32106
2022-04-13,66.42,68.78,64.35,65.19,33049
2022-04-14,65.59,67.23,65.2,67.08,18398
2022-04-15,66.65,68.62,65.69,67.81,18898
2022-04-18,67.65,72.01,66.88,70.73,28002
2022-04-19,70.7,71.02,69.27,69.86,18072
2022-04-20,69.96,71.58,69.87,70.44,13849
2022-04-21,70.26,71.64,69.16,69.49,16809
2022-04-22,69.5,71.78,69.25,71.26,23330
2022-04-25,70.46,72.32,67.99,68.34,30922
2022-04-26,68.98,69.8,64.58,65.11,28269
2022-04-27,64.35,68.42,62.73,68.03,28827
2022-04-28,67.46,68.71,66.48,67.48,16290
2022-04-29,68.19,70.5,67.04,70.05,19703
2022-05-05,69.55,72.03,69.06,70.35,20467
2022-05-06,69.26,69.55,68.04,68.6,11741
2022-05-09,68.56,69.24,66.87,67.04,10461
2022-05-10,66.12,70.88,65.41,70.12,27133
2022-05-11,70.49,72.45,69.58,69.96,31576
2022-05-12,69.35,70.81,69.2,70.02,14643
2022-05-13,70.77,71.18,68.58,70.92,22652
2022-05-16,70.92,71.27,69.23,69.46,14912
2022-05-17,69.49,70.88,69.15,70.88,14797
2022-05-18,70.88,72.32,69.74,70.36,12938
2022-05-19,69.65,71.15,69.4,71.02,12499
2022-05-20,71.25,72.04,70.52,71.25,13059
2022-05-23,71.27,71.62,70.51,70.78,11496
2022-05-24,70.73,70.73,67.42,67.6,18003
2022-05-25,67.6,68.48,67.22,67.65,11134
2022-05-26,68.55,68.55,65.8,66.11,31741
2022-05-27,66.28,66.73,64.93,65.64,26281
2022-05-30,66.0,67.85,65.23,67.38,23818
2022-05-31,67.15,68.91,65.23,68.24,30003
2022-06-01,68.24,68.82,67.28,67.64,18919
2022-06-02,67.32,69.37,67.0,69.28,25332
2022-06-06,68.98,73.28,68.95,73.16,40361
2022-06-07,73.08,73.36,71.26,71.59,24713
2022-06-08,71.55,72.05,70.08,71.09,20938
2022-06-09,70.88,71.07,68.86,69.08,28067
2022-06-10,68.97,69.69,68.42,69.25,35627
2022-06-13,68.67,69.4,67.79,68.47,26024
2022-06-14,68.15,68.37,66.32,67.75,25512
2022-06-15,68.92,69.43,67.87,68.22,29093
2022-06-16,68.54,69.6,68.15,68.84,23211
2022-06-17,68.01,69.31,67.98,69.3,22087
2022-06-20,69.3,70.23,68.31,69.85,38126
2022-06-21,69.93,70.22,68.7,69.07,24146
2022-06-22,69.08,69.3,67.45,67.48,36324
2022-06-23,67.92,68.45,67.0,68.15,25309
2022-06-24,68.49,71.19,68.17,70.18,42621
2022-06-27,70.7,71.12,69.43,69.54,34960
2022-06-28,69.53,71.4,67.66,71.27,42563
2022-06-29,71.31,71.91,69.4,69.48,36587
2022-06-30,69.37,70.61,69.08,69.47,28827
2022-07-01,69.78,71.36,68.95,69.38,34531
2022-07-04,69.12,69.15,67.46,67.71,48388
2022-07-05,67.72,68.45,65.88,66.91,44326
2022-07-06,67.85,69.97,67.54,68.85,56285
2022-07-07,68.92,69.02,67.78,67.91,32363
2022-07-08,68.22,69.28,67.92,68.36,24082
2022-07-11,68.32,68.32,66.69,67.31,27134
2022-07-12,67.0,67.95,66.99,67.69,20706
2022-07-13,67.69,67.99,67.15,67.48,16740
2022-07-14,67.29,67.8,67.0,67.62,16886
2022-07-15,67.54,68.48,66.62,67.15,16474
2022-07-18,67.19,67.45,66.37,66.78,24906
2022-07-19,66.85,67.02,66.07,66.54,25927
2022-07-20,66.82,67.12,66.54,66.88,16101
2022-07-21,66.88,67.91,66.38,66.91,18453
2022-07-22,66.9,66.92,65.08,65.61,28010
2022-07-25,65.59,65.75,64.32,64.46,19262
2022-07-26,64.69,65.18,64.15,64.58,14314
2022-07-27,64.59,64.88,64.08,64.26,13160
2022-07-28,64.69,66.49,64.69,65.91,26311
2022-07-29,65.9,66.08,63.63,63.98,24515
2022-08-01,63.91,65.69,62.62,65.32,24576
2022-08-02,64.17,65.54,63.31,64.65,22228
2022-08-03,64.92,67.19,64.92,66.58,38144
2022-08-04,66.59,66.92,65.91,66.11,19762
2022-08-05,66.18,68.89,65.7,68.75,45202
2022-08-08,68.92,70.84,67.92,68.58,29861
2022-08-09,67.94,68.71,67.18,68.55,31245
2022-08-10,68.04,70.04,67.85,68.63,28944
2022-08-11,68.73,71.18,68.73,70.68,47308
2022-08-12,70.62,71.19,69.21,69.25,19940
2022-08-15,68.92,69.63,68.3,68.94,18994
2022-08-16,69.01,69.18,68.0,68.15,17867
2022-08-17,68.15,68.92,67.58,68.84,17234
2022-08-18,68.75,69.85,68.16,69.54,21998
2022-08-19,70.08,72.67,69.82,69.82,56199
2022-08-22,69.32,70.83,68.61,68.83,31850
2022-08-23,68.83,69.06,66.97,67.23,36316
2022-08-24,67.08,67.68,65.1,65.27,61370
2022-08-25,65.49,65.75,64.2,64.54,37770
2022-08-26,65.0,65.08,63.82,63.96,32688
2022-08-29,63.29,63.91,62.66,63.15,31450
2022-08-30,63.04,63.75,62.69,63.34,30065
2022-08-31,62.85,63.39,62.02,62.71,27197
2022-09-01,63.16,63.23,62.38,62.48,17885
2022-09-02,62.52,62.77,62.04,62.5,13191
2022-09-05,62.45,62.49,60.51,61.39,25813
2022-09-06,61.56,62.31,61.42,61.78,16650
2022-09-07,61.78,62.45,61.55,62.02,24953
2022-09-08,62.08,62.15,61.19,61.23,13645
2022-09-09,61.35,61.38,60.68,61.16,14274
2022-09-13,61.14,61.99,61.14,61.45,12124
2022-09-14,60.72,61.19,60.47,60.78,11607
2022-09-15,61.16,61.54,59.88,60.22,24016
2022-09-16,60.08,60.91,59.32,59.65,23419
2022-09-19,59.65,59.95,57.63,57.98,19269
2022-09-20,58.38,59.14,58.12,58.93,11423
2022-09-21,58.62,59.84,57.92,59.56,16266
2022-09-22,59.18,60.03,58.37,58.5,14534
2022-09-23,58.5,58.92,55.89,57.16,24789
2022-09-26,56.56,57.48,56.41,56.54,11599
2022-09-27,56.38,58.34,56.38,57.92,19151
2022-09-28,57.92,57.94,56.55,56.56,10524
2022-09-29,57.0,57.58,55.38,55.93,16209
2022-09-30,55.82,56.35,55.2,55.52,15675
2022-10-10,55.52,55.52,53.08,53.32,19349
2022-10-11,53.32,54.04,52.77,53.23,14769
2022-10-12,53.08,55.3,52.92,55.29,20225
2022-10-13,54.92,56.54,54.54,55.52,15899
2022-10-14,55.98,56.95,55.46,56.32,16365
2022-10-17,55.62,56.92,55.58,56.35,16391
2022-10-18,56.89,57.29,56.09,56.74,14406
2022-10-19,56.77,57.28,55.45,55.5,17684
2022-10-20,55.25,57.58,55.08,56.26,21446
2022-10-21,56.69,56.69,54.55,54.78,30702
2022-10-24,54.77,56.46,53.22,53.52,25836
2022-10-25,53.54,54.48,52.87,53.62,19964
2022-10-26,53.61,56.88,53.61,56.41,32925
2022-10-27,56.4,57.48,55.83,56.81,24316
2022-10-28,55.08,56.46,53.77,53.91,27516
2022-10-31,53.62,56.13,53.59,55.13,21676
2022-11-01,55.37,55.58,54.45,55.58,21488
2022-11-02,55.82,56.75,55.46,55.88,21228
2022-11-03,55.38,57.33,55.1,57.13,28329
2022-11-04,57.12,58.04,56.65,57.66,33150
2022-11-07,57.77,58.12,56.96,57.38,25897
2022-11-08,57.38,57.63,56.39,56.92,21828
2022-11-09,56.46,56.56,55.58,55.58,23708
2022-11-10,55.08,55.75,54.46,54.5,20530
2022-11-11,56.38,56.38,54.68,54.81,32580
2022-11-14,55.01,56.96,54.69,55.82,32946
2022-11-15,55.84,58.92,55.7,58.92,57614
2022-11-16,59.0,59.23,57.95,58.32,30182
2022-11-17,58.32,59.69,57.64,59.65,34485
2022-11-18,59.54,59.91,58.32,58.32,29623
2022-11-21,58.11,58.54,57.21,58.45,23169
2022-11-22,58.15,58.65,57.23,57.52,15926
2022-11-23,57.58,57.95,56.38,57.12,16275
2022-11-24,57.32,57.92,56.72,57.01,12926
2022-11-25,56.71,57.29,56.15,56.18,14585
2022-11-28,55.08,55.55,54.52,54.81,22022
2022-11-29,54.83,55.81,54.83,55.67,16909
2022-11-30,55.69,55.83,55.22,55.48,17881
2022-12-01,56.08,56.6,55.6,55.82,21265
2022-12-02,55.84,56.22,55.35,55.65,14143
2022-12-05,55.85,56.23,55.46,56.19,22084
2022-12-06,56.2,57.14,56.05,56.77,27087
2022-12-07,56.62,56.66,56.08,56.21,19840
2022-12-08,56.19,56.19,55.38,55.51,19109
2022-12-09,55.58,56.09,55.31,55.96,16432
2022-12-12,55.77,57.38,55.48,57.12,30487
2022-12-13,57.15,57.15,55.69,55.76,23113
2022-12-14,57.29,57.33,55.15,55.53,28645
2022-12-15,55.14,56.87,54.89,56.09,26717
2022-12-16,55.84,56.07,54.92,55.08,21535
2022-12-19,54.85,55.36,53.77,53.88,23346
2022-12-20,53.88,54.3,53.45,53.64,14883
2022-12-21,53.64,53.88,53.06,53.35,12071
2022-12-22,53.54,53.82,52.98,53.08,9674
2022-12-23,52.98,53.62,52.92,53.25,8311
2022-12-26,53.23,54.01,53.18,53.76,10222
2022-12-27,53.9,53.95,53.52,53.76,9298
2022-12-28,53.8,53.89,53.0,53.03,12892
2022-12-29,52.86,53.38,52.86,53.07,9040
2022-12-30,53.15,53.54,52.86,52.88,11671
2023-01-03,52.85,53.84,52.77,53.81,17565
2023-01-04,53.79,54.22,53.37,53.74,10530
2023-01-05,53.94,54.28,53.65,54.27,13761
2023-01-06,54.27,54.76,54.0,54.12,14686
2023-01-09,54.15,54.82,54.15,54.3,11300
2023-01-10,54.45,54.92,54.28,54.71,11850
2023-01-11,54.64,55.09,53.99,54.1,11569
2023-01-12,54.1,54.29,53.79,54.14,9014
2023-01-13,54.42,54.5,53.93,54.5,9474
2023-01-16,54.23,55.43,54.23,55.27,25324
2023-01-17,55.5,56.77,55.36,56.08,24965
2023-01-18,55.92,56.51,55.92,56.19,17402
2023-01-19,55.98,57.02,55.98,56.92,19954
2023-01-20,57.0,57.33,56.57,56.92,18249
2023-01-30,57.61,58.15,57.13,57.37,28083
2023-01-31,57.35,57.37,56.02,56.08,25720
2023-02-01,56.38,58.77,56.38,58.75,58874
2023-02-02,58.75,59.6,58.38,59.06,38190
2023-02-03,59.07,59.31,58.28,59.17,23175
2023-02-06,58.74,58.92,57.97,58.27,19343
2023-02-07,58.35,58.97,58.28,58.88,14390
2023-02-08,58.92,60.46,58.27,58.31,25806
2023-02-09,58.31,62.26,57.76,61.97,70854
2023-02-10,61.62,64.92,61.58,62.87,76226
2023-02-13,62.86,63.29,62.2,62.85,28878
2023-02-14,62.85,63.72,62.06,62.3,28148
2023-02-15,62.55,64.21,61.92,63.93,36491
2023-02-16,63.92,64.24,61.57,61.96,39017
2023-02-17,61.97,62.46,60.08,60.08,33511
2023-02-20,60.08,61.67,59.69,61.48,28870
2023-02-21,61.52,62.65,60.64,61.17,21423
2023-02-22,60.81,61.54,60.3,60.59,23195
2023-02-23,60.59,60.97,60.08,60.46,16250
2023-02-24,60.62,60.8,59.49,59.62,26009
2023-02-27,59.54,59.66,58.45,58.53,25602
2023-02-28,58.88,60.43,58.29,58.82,36944
2023-03-01,58.85,60.83,58.77,60.31,37837
2023-03-02,60.31,60.69,59.75,59.92,25905
2023-03-03,61.09,61.46,59.59,60.15,31981
2023-03-06,60.59,61.06,59.69,59.85,26424
2023-03-07,59.54,60.11,57.83,57.97,30517
2023-03-08,57.97,58.83,57.64,58.54,19352
2023-03-09,58.52,58.98,58.05,58.65,18417
2023-03-10,58.3,59.02,57.45,57.5,26343
2023-03-13,57.48,57.99,56.62,57.77,25321
2023-03-14,57.54,58.03,56.35,57.6,30068
2023-03-15,57.99,61.35,57.99,59.76,67614
2023-03-16,59.45,60.14,58.98,59.23,35815
2023-03-17,59.91,61.08,59.77,60.54,40452
2023-03-20,61.32,64.88,61.23,63.9,99638
2023-03-21,63.58,67.52,63.54,64.92,134205
2023-03-22,65.08,67.77,65.08,67.48,109179
2023-03-23,67.72,73.75,67.38,73.43,167693
2023-03-24,73.52,73.83,70.08,71.51,98923
2023-03-27,71.52,73.15,69.91,70.92,78636
2023-03-28,70.05,70.16,67.53,67.76,77037
2023-03-29,67.38,69.24,66.69,68.25,62558
2023-03-30,68.08,70.12,67.46,68.53,48694
2023-03-31,68.01,68.8,66.45,68.4,50828
2023-04-03,68.54,70.27,67.39,69.45,78025
2023-04-04,69.53,70.26,67.77,68.35,78645
2023-04-06,68.15,73.3,67.77,71.85,130241
2023-04-07,71.21,71.73,68.78,69.37,77855
2023-04-10,69.08,69.92,67.13,67.62,64761
2023-04-11,67.62,68.29,66.62,67.23,44118
2023-04-12,67.65,68.74,67.0,68.18,50064
2023-04-13,67.62,67.96,65.09,65.26,75383
2023-04-14,65.58,66.15,63.69,65.82,71731
2023-04-17,65.85,66.91,64.96,65.44,49129
2023-04-18,65.61,65.94,64.32,65.28,39157
2023-04-19,64.92,68.61,64.42,67.21,105222
2023-04-20,67.85,74.19,67.25,73.31,216693
2023-04-21,73.32,74.24,69.69,69.85,121869
2023-04-24,70.42,72.0,67.27,67.92,75871
2023-04-25,67.27,67.95,64.61,65.3,67188
2023-04-26,64.46,65.07,61.6,61.66,82164
2023-04-27,60.45,63.06,59.46,60.46,63757
2023-04-28,60.48,61.23,60.24,60.66,51402
2023-05-04,60.97,61.46,57.38,58.15,74967
2023-05-05,57.83,58.35,56.52,56.72,48356
2023-05-08,56.73,57.23,56.08,56.53,53329
2023-05-09,56.55,59.08,56.01,56.86,77165
2023-05-10,56.78,56.78,54.31,54.7,71169
2023-05-11,54.87,55.73,54.31,54.9,33498
2023-05-12,54.9,55.17,52.96,53.07,70507
2023-05-15,52.98,53.64,52.38,53.59,51099
2023-05-16,53.62,53.96,52.78,53.35,55539
2023-05-17,53.05,54.18,53.04,54.09,43035
2023-05-18,54.14,55.62,53.93,55.18,58185
2023-05-19,55.08,55.49,53.98,55.05,46133
2023-05-22,55.22,55.69,54.44,54.76,30309
2023-05-23,54.65,54.65,54.0,54.0,25389
2023-05-24,53.82,54.55,53.28,53.89,28622
2023-05-25,54.05,55.72,53.37,54.86,46986
2023-05-26,54.47,56.78,54.42,56.15,62697
2023-05-29,56.6,58.27,56.55,57.31,74596
2023-05-30,57.38,58.32,56.23,58.31,53694
2023-05-31,58.65,59.16,57.81,58.42,44220
2023-06-01,58.0,58.5,57.42,58.06,35193
2023-06-02,58.06,58.47,56.55,57.5,39185
2023-06-05,57.2,58.33,57.19,57.68,27668
2023-06-06,57.69,57.82,55.77,55.95,34144
2023-06-07,56.23,56.96,55.68,56.34,28119
2023-06-08,56.13,56.34,54.33,54.75,39922
2023-06-09,54.77,56.97,54.28,56.85,43124
2023-06-12,56.69,58.85,56.48,57.93,56829
2023-06-13,57.78,59.42,57.23,59.42,48128
2023-06-14,59.08,59.89,58.15,59.15,39771
2023-06-15,58.97,59.65,58.79,58.91,26894
2023-06-16,58.68,59.4,58.04,59.28,30941
2023-06-19,59.11,59.92,58.39,59.52,26882
2023-06-20,59.4,60.54,58.84,59.29,26052
2023-06-21,59.07,59.07,57.79,57.79,28156
2023-06-26,57.22,57.35,55.6,55.68,26786
2023-06-27,55.74,56.58,55.6,56.23,17135
2023-06-28,56.23,56.24,54.5,55.08,25357
2023-06-29,55.05,55.51,54.77,54.97,20677
2023-06-30,54.91,56.77,54.88,56.13,35902
2023-07-03,56.31,57.38,56.05,56.28,26841
2023-07-04,56.06,57.31,55.72,56.65,35494
2023-07-05,56.69,57.15,55.71,55.77,26255
2023-07-06,55.69,58.38,55.17,57.06,51615
2023-07-07,56.77,57.08,54.91,56.37,46665
2023-07-10,56.35,57.25,56.13,57.23,39044
2023-07-11,57.08,58.52,56.95,58.06,34031
2023-07-12,58.04,58.19,57.0,57.12,27830
2023-07-13,57.12,59.28,57.12,58.93,41289
2023-07-14,58.92,60.03,58.42,59.62,42504
2023-07-17,59.3,61.25,59.19,59.95,42211
2023-07-18,59.83,62.45,59.82,60.27,52070
2023-07-19,60.28,61.11,59.31,59.46,32195
2023-07-20,60.19,60.27,57.14,57.22,42387
2023-07-21,57.25,57.98,57.0,57.12,18342
2023-07-24,57.12,59.52,56.78,57.83,27273
2023-07-25,58.85,59.96,58.15,59.5,34523
2023-07-26,59.36,59.36,57.89,58.08,29451
2023-07-27,57.92,58.15,57.0,57.01,30088
2023-07-28,57.0,57.53,56.08,57.25,24054
2023-07-31,57.19,57.71,56.43,57.02,36866
2023-08-01,57.29,57.29,55.78,56.3,37980
2023-08-02,55.95,57.91,55.95,57.87,42381
2023-08-03,57.42,58.13,57.16,57.55,18894
2023-08-04,57.56,58.31,57.31,57.88,17931
2023-08-07,57.64,58.15,57.44,57.66,13101
2023-08-08,57.64,57.88,57.23,57.48,12667
2023-08-09,57.11,57.45,56.31,56.38,21071
2023-08-10,56.58,56.76,55.83,56.24,16042
2023-08-11,56.13,56.45,55.02,55.13,20813
2023-08-14,54.43,55.08,54.19,54.87,18686
2023-08-15,54.62,55.46,54.02,54.59,22097
2023-08-16,54.27,54.6,53.65,53.69,15676
2023-08-17,53.55,54.15,52.8,54.02,15946
2023-08-18,54.25,54.31,53.08,53.08,14792
2023-08-21,53.0,53.18,48.59,48.85,74889
2023-08-22,48.86,49.52,45.22,47.22,96597
2023-08-23,47.46,47.72,45.85,45.95,47360
2023-08-24,46.99,47.88,46.35,47.16,36552
2023-08-25,47.08,47.17,46.24,46.48,32915
2023-08-28,49.35,49.6,46.38,46.54,33549
2023-08-29,46.54,47.9,46.32,47.46,30901
2023-08-30,48.12,49.77,47.93,48.84,42474
2023-08-31,48.78,49.48,48.19,49.05,25271
2023-09-01,49.62,49.69,48.45,48.89,19495
2023-09-04,49.11,49.99,48.75,49.99,34404
2023-09-05,49.92,50.73,49.78,50.48,28481
2023-09-06,50.22,51.53,49.87,51.25,32598
2023-09-07,51.0,51.15,50.08,50.08,23741
2023-09-08,49.85,50.78,49.79,50.6,16416
2023-09-11,50.78,51.35,50.01,50.91,19312
2023-09-12,50.85,51.56,50.65,51.04,17418
2023-09-13,50.85,51.04,49.55,50.14,21658
2023-09-14,50.13,50.3,49.79,50.08,16086
2023-09-15,50.38,50.88,49.55,49.88,16598
2023-09-18,49.67,50.46,49.23,49.95,15936
2023-09-19,49.92,50.0,48.83,49.1,22146
2023-09-20,49.08,49.52,48.55,48.66,13096
2023-09-21,48.65,49.15,48.52,48.52,13469
2023-09-22,48.52,50.02,48.32,49.87,26197
2023-09-25,49.92,50.06,49.25,49.38,14699
2023-09-26,49.41,49.55,48.4,48.45,19419
2023-09-27,48.46,48.98,48.22,48.36,15836
2023-09-28,48.58,49.64,48.37,49.36,18701
2023-10-09,49.33,50.33,48.93,49.88,28071
2023-10-10,50.05,50.58,49.69,50.15,18137
2023-10-11,50.24,50.83,49.81,50.45,21366
2023-10-12,50.62,51.62,50.61,51.24,38965
2023-10-13,50.98,52.33,50.85,51.86,37176
2023-10-16,51.87,51.99,50.15,50.41,25172
2023-10-17,50.62,50.87,49.85,50.32,15167
2023-10-18,50.29,50.47,49.39,49.45,16226
2023-10-19,49.36,50.65,49.04,49.19,17047
2023-10-20,49.02,49.43,47.66,47.78,22779
2023-10-23,47.55,47.76,46.24,46.5,17311
2023-10-24,47.04,48.08,46.24,47.73,19113
2023-10-25,48.13,48.46,47.63,47.79,16724
2023-10-26,47.4,47.95,46.99,47.82,13640
2023-10-27,48.4,52.79,47.86,50.98,97173
2023-10-30,50.71,52.19,50.22,51.82,63092
2023-10-31,51.95,52.22,51.14,51.66,26081
2023-11-01,51.66,52.08,51.25,51.65,20700
2023-11-02,51.88,52.11,51.0,51.08,22395
2023-11-03,51.16,52.75,51.09,52.51,36559
2023-11-06,53.15,56.12,53.01,55.82,78640
2023-11-07,55.46,55.91,55.07,55.75,30329
2023-11-08,55.67,56.12,55.18,55.75,31513
2023-11-09,55.75,56.12,55.23,55.46,23912
2023-11-10,55.15,55.75,55.0,55.24,20215
2023-11-13,55.54,55.98,54.68,55.05,27640
2023-11-14,55.08,55.92,54.85,55.88,26103
2023-11-15,56.54,56.62,55.77,56.42,32883
2023-11-16,56.13,57.56,56.09,56.85,40038
2023-11-17,56.62,57.37,56.35,56.73,21951
2023-11-20,56.72,58.12,56.54,57.45,33864
2023-11-21,57.24,57.43,56.08,56.13,28009
2023-11-22,56.05,56.05,54.87,54.97,30614
2023-11-23,54.97,55.47,54.7,55.14,16793
2023-11-24,55.28,55.36,54.15,54.22,19948
2023-11-27,54.21,54.98,53.81,54.68,17653
2023-11-28,54.62,55.44,54.42,54.95,16318
2023-11-29,54.95,55.61,54.54,54.69,14364
2023-11-30,54.65,54.81,53.8,54.38,12244
2023-12-01,54.38,54.42,53.53,54.1,17434
2023-12-04,54.31,54.66,53.78,54.04,13914
2023-12-05,53.98,53.98,52.3,52.31,23121
2023-12-06,52.31,52.68,51.77,51.96,20806
2023-12-07,51.99,52.38,51.55,51.92,14627
2023-12-08,51.88,53.51,51.78,52.7,26817
2023-12-11,52.38,53.53,51.77,53.42,20869
2023-12-12,53.38,53.62,52.88,53.31,12366
2023-12-13,53.08,53.23,52.51,52.68,9217
2023-12-14,52.99,53.34,52.16,52.19,13553
2023-12-15,52.41,52.59,51.72,51.92,11890
2023-12-18,51.72,51.83,51.15,51.3,10517
2023-12-19,51.21,52.28,51.0,52.03,10888
2023-12-20,52.05,52.33,51.35,51.35,10935
2023-12-21,51.31,51.72,50.45,51.69,17344
2023-12-22,51.45,51.83,50.27,50.37,19540
2023-12-25,50.22,51.91,49.92,51.85,16660
2023-12-26,51.73,51.73,50.6,50.96,11302
2023-12-27,50.85,51.48,50.65,51.38,10318
2023-12-28,51.18,52.76,51.08,52.56,16627
2023-12-29,52.54,53.26,52.38,52.76,18460
2024-01-02,52.89,53.18,52.2,52.23,16071
2024-01-03,52.0,52.25,50.62,50.98,16390
2024-01-04,50.95,50.95,49.38,49.69,21515
2024-01-05,49.75,50.62,49.22,49.35,13673
2024-01-08,49.08,49.58,47.91,47.94,17266
2024-01-09,48.15,48.73,47.54,48.03,16625
2024-01-10,48.05,48.38,47.0,47.62,14897
2024-01-11,47.62,48.19,47.31,47.95,15405
2024-01-12,47.65,47.75,46.76,47.0,19814
2024-01-15,46.99,47.26,46.29,46.46,19530
2024-01-16,46.48,47.05,45.22,45.69,29258
2024-01-17,45.7,46.2,44.78,44.78,20400
2024-01-18,44.37,44.92,42.92,44.28,36329
2024-01-19,44.51,44.91,43.58,43.81,26494
2024-01-22,43.75,44.08,41.23,41.32,36574
2024-01-23,41.15,41.95,40.69,41.68,25561
2024-01-24,41.92,42.13,40.23,41.66,32373
2024-01-25,41.92,43.11,41.43,43.1,32504
2024-01-26,42.78,43.12,41.68,41.84,35553
2024-01-29,41.85,42.23,40.6,40.85,24964
2024-01-30,40.54,41.26,39.34,39.42,29461
2024-01-31,39.05,40.0,38.66,38.81,29370
2024-02-01,38.62,39.3,37.93,38.69,26216
2024-02-02,38.58,39.22,35.6,36.91,35523
2024-02-05,36.62,37.15,34.14,36.05,44128
2024-02-06,35.85,38.35,35.85,38.31,39135
2024-02-07,38.32,39.95,38.06,39.57,41956
2024-02-08,39.69,41.32,39.32,40.98,45108
2024-02-19,41.54,41.97,40.63,41.89,45227
2024-02-20,41.23,42.54,40.58,42.29,37132
2024-02-21,41.81,42.79,41.44,41.91,37532
2024-02-22,42.79,46.28,42.79,46.28,79383
2024-02-23,48.54,49.43,47.4,48.29,127060
2024-02-26,47.92,47.92,46.05,47.08,91077
2024-02-27,46.46,51.97,46.38,51.97,137603
2024-02-28,51.97,53.07,48.65,48.92,157298
2024-02-29,48.31,52.31,48.28,52.15,121247
2024-03-01,51.7,55.83,51.69,54.86,124224
2024-03-04,54.52,56.99,54.52,55.02,92765
2024-03-05,54.92,57.04,53.66,55.24,107850
2024-03-06,55.08,59.39,54.7,58.83,143498
2024-03-07,58.92,63.34,58.92,60.62,148995
2024-03-08,60.71,66.86,60.42,66.86,155096
2024-03-11,66.61,67.03,63.59,66.92,145118
2024-03-12,66.29,66.29,61.62,62.98,144808
2024-03-13,64.15,64.85,62.28,63.31,122590
2024-03-14,62.69,63.22,61.25,62.45,101486
2024-03-15,61.08,67.02,60.81,66.55,182058
2024-03-18,65.09,69.67,65.08,68.73,168742
2024-03-19,68.15,70.28,67.54,68.73,91052
2024-03-20,69.32,70.6,68.23,68.83,71479
2024-03-21,68.19,69.52,67.01,67.08,81773
2024-03-22,67.08,68.08,66.12,67.31,64978
2024-03-25,67.3,67.85,64.98,65.08,59998
2024-03-26,66.23,67.67,65.38,65.69,72570
2024-03-27,65.25,66.85,63.72,65.33,64672
2024-03-28,65.23,67.46,64.65,66.28,70524
2024-03-29,66.08,66.88,65.08,66.75,53973
2024-04-01,66.81,73.2,65.46,71.92,106835
2024-04-02,71.23,72.61,69.58,71.22,70268
2024-04-03,71.22,71.22,68.68,70.15,54880
2024-04-08,69.69,70.87,68.54,69.54,42064
2024-04-09,69.54,69.69,68.15,69.28,32176
2024-04-10,69.28,70.82,66.84,68.33,62752
2024-04-11,66.72,68.99,66.69,67.38,53296
2024-04-12,67.85,74.15,67.77,72.62,114542
2024-04-15,72.15,73.52,71.22,73.52,64485
2024-04-16,69.77,71.22,65.98,66.58,155262
2024-04-17,65.08,67.86,65.08,66.98,91607
2024-04-18,65.85,67.77,64.43,66.79,49759
2024-04-19,66.79,66.87,62.77,64.0,85864
2024-04-22,60.77,63.31,58.68,62.4,78614
2024-04-23,63.22,64.3,61.7,62.01,41025
2024-04-24,62.12,66.52,62.12,65.22,65725
2024-04-25,64.92,65.68,64.39,65.18,26991
2024-04-26,66.12,70.37,66.12,69.0,76837
2024-04-29,69.13,70.62,68.59,70.15,54849
2024-04-30,69.73,71.38,69.71,70.02,47351
2024-05-06,71.85,71.86,68.92,69.57,52811
2024-05-07,69.54,71.38,68.54,69.12,47046
2024-05-08,68.81,70.27,67.62,68.0,39915
2024-05-09,67.84,68.31,67.12,67.85,34601
2024-05-10,67.92,67.92,64.78,65.87,62337
2024-05-13,65.69,67.56,65.31,66.35,40363
2024-05-14,66.55,67.62,65.46,65.92,23803
2024-05-15,65.91,66.93,65.05,65.22,27337
2024-05-16,66.46,67.1,65.35,66.37,42312
2024-05-17,65.94,66.38,64.62,66.12,31656
2024-05-20,66.07,66.85,64.98,66.38,47417
2024-05-21,66.37,70.61,65.88,69.08,82933
2024-05-22,68.71,69.29,67.78,68.56,40787
2024-05-23,69.31,72.15,68.65,70.71,85792
2024-05-24,70.69,71.62,67.92,68.15,49321
2024-05-27,68.08,70.37,67.55,69.02,37965
2024-05-28,69.03,69.06,67.0,67.14,32010
2024-05-29,67.02,68.14,66.91,67.33,24028
2024-05-30,66.92,70.0,66.19,69.38,43215
2024-05-31,69.16,69.78,67.89,68.02,25914
2024-06-03,68.08,73.75,68.08,71.08,80359
2024-06-04,70.58,71.72,69.75,71.09,47015
2024-06-05,71.02,72.38,70.65,70.74,42278
2024-06-06,71.5,74.47,71.11,72.98,88225
2024-06-07,72.46,73.62,70.29,71.02,61875
2024-06-11,71.05,72.62,70.16,72.28,48919
2024-06-12,72.08,75.68,71.83,73.23,63071
2024-06-13,73.24,79.55,73.24,77.98,111242
2024-06-14,78.08,82.64,76.64,81.31,101335
2024-06-17,81.15,85.13,80.23,83.37,83270
2024-06-18,82.31,84.18,80.83,82.32,63933
2024-06-19,82.68,83.08,80.56,81.42,48402
2024-06-20,80.38,82.23,80.38,80.77,33509
2024-06-21,79.46,82.38,78.85,81.46,37131
2024-06-24,80.78,85.09,80.31,80.62,72332
2024-06-25,80.0,80.78,78.58,79.42,59878
2024-06-26,80.38,81.16,78.25,80.78,57343
2024-06-27,80.12,80.62,78.14,78.29,48882
2024-06-28,77.81,81.85,77.81,80.21,63325
2024-07-01,80.06,80.77,77.96,80.52,37532
2024-07-02,80.22,80.22,78.09,78.81,31756
2024-07-03,78.46,79.37,76.54,78.03,38138
2024-07-04,78.54,80.88,78.15,79.65,47017
2024-07-05,79.23,80.43,77.35,79.95,40856
2024-07-08,79.62,81.15,79.27,79.73,34794
2024-07-09,79.74,83.27,79.07,83.27,71864
2024-07-10,87.31,91.72,87.22,91.72,152595
2024-07-11,91.92,96.64,91.24,96.53,159338
2024-07-12,93.46,97.15,91.99,95.88,90415
2024-07-15,95.88,97.65,95.12,96.85,50655
2024-07-16,96.77,99.32,95.82,99.23,68827
2024-07-17,98.06,98.7,93.85,93.92,85317
2024-07-18,92.81,94.53,90.39,93.2,64319
2024-07-19,93.19,94.39,91.22,91.62,46462
2024-07-22,91.67,92.08,89.64,90.9,50951
2024-07-23,91.22,92.0,86.92,87.04,56902
2024-07-24,87.31,88.42,84.64,85.05,57711
2024-07-25,83.46,85.14,82.47,83.65,46552
2024-07-26,83.92,84.97,82.54,84.02,40226
2024-07-29,84.08,86.15,82.69,84.55,50958
2024-07-30,83.55,84.22,82.58,83.53,31880
2024-07-31,82.92,84.54,80.86,83.98,68322
2024-08-01,86.68,90.15,85.68,88.82,132906
2024-08-02,84.24,86.42,82.54,84.23,87459
2024-08-05,80.16,82.78,78.88,78.88,93100
2024-08-06,81.65,82.0,78.19,79.45,60823
2024-08-07,79.02,79.48,76.81,77.62,60032
2024-08-08,76.43,77.58,75.62,76.35,46287
2024-08-09,77.54,78.73,76.87,77.72,55092
2024-08-12,77.76,80.58,77.32,79.45,55571
2024-08-13,79.46,83.12,79.45,82.28,70775
2024-08-14,83.36,84.62,81.82,82.08,53851
2024-08-15,81.54,83.35,79.13,80.28,56209
2024-08-16,80.94,83.68,80.94,81.69,55867
2024-08-19,81.52,82.23,80.77,81.25,27643
2024-08-20,82.02,83.06,80.52,80.85,24855
2024-08-21,79.62,83.46,79.52,81.88,39287
2024-08-22,81.93,83.38,80.15,82.77,40481
2024-08-23,82.41,82.75,80.92,81.89,31409
2024-08-26,81.84,82.31,79.98,80.53,28283
2024-08-27,79.85,80.89,78.78,79.35,34485
2024-08-28,80.31,83.54,78.12,78.58,58942
2024-08-29,78.09,78.46,71.93,75.29,118037
2024-08-30,74.93,78.46,74.85,76.37,95484
2024-09-02,77.05,77.85,74.25,74.31,51470
2024-09-03,74.4,75.66,73.47,73.56,53406
2024-09-04,71.54,72.61,70.01,72.17,67245
2024-09-05,72.12,73.77,71.42,72.19,39423
2024-09-06,72.19,72.38,69.72,69.73,41658
2024-09-09,69.45,70.44,68.85,69.66,41196
2024-09-10,69.44,71.54,69.18,70.69,39783
2024-09-11,70.7,71.54,69.3,69.68,32389
2024-09-12,71.14,71.92,69.26,69.46,40686
2024-09-13,69.29,73.62,69.23,72.38,90492
2024-09-18,72.15,73.77,70.9,73.18,51901
2024-09-19,73.22,73.45,67.85,68.69,121673
2024-09-20,67.98,68.74,67.12,67.66,75966
2024-09-23,67.72,68.81,66.32,66.38,68035
2024-09-24,66.58,70.09,65.78,69.3,83937
2024-09-25,70.25,72.03,68.56,68.62,93788
2024-09-26,68.59,70.38,67.69,70.31,73372
2024-09-27,71.02,77.45,71.0,76.45,126615
2024-09-30,79.74,84.21,77.45,84.21,138857
2024-10-08,92.75,92.75,85.91,92.75,168836
2024-10-09,91.15,95.39,86.54,88.3,139316
2024-10-10,89.46,90.75,86.22,87.32,102438
2024-10-11,86.54,87.78,80.77,82.28,91923
2024-10-14,82.23,83.01,79.62,82.68,86000
2024-10-15,82.27,85.38,80.96,81.67,80789
2024-10-16,78.93,80.0,76.62,77.72,90349
2024-10-17,78.08,80.38,77.76,78.6,72464
2024-10-18,78.83,86.58,78.04,85.74,133796
2024-10-21,86.23,88.83,83.06,85.54,144059
2024-10-22,85.23,88.82,84.35,86.09,99510
2024-10-23,85.0,85.9,81.92,82.85,123564
2024-10-24,81.92,84.32,80.62,82.81,65116
2024-10-25,84.23,85.87,82.54,84.15,96158
2024-10-28,83.46,83.46,78.6,79.61,162429
2024-10-29,79.35,82.18,78.34,80.54,129274
2024-10-30,80.32,81.14,78.38,79.08,83515
2024-10-31,79.09,80.97,78.13,79.66,77621
2024-11-01,78.85,80.3,76.91,76.97,84344
2024-11-04,77.22,79.46,76.3,77.18,89549
2024-11-05,76.93,81.92,75.42,81.42,144761
2024-11-06,81.66,83.38,79.06,79.72,114003
2024-11-07,78.46,81.15,78.46,81.12,90513
2024-11-08,81.95,84.91,81.61,81.79,107102
2024-11-11,81.97,87.61,81.45,87.55,144025
2024-11-12,86.69,87.47,84.84,85.73,100132
2024-11-13,85.77,87.53,85.0,87.27,83413
2024-11-14,87.42,88.52,82.75,82.98,83387
2024-11-15,82.62,85.17,79.62,79.71,69867
2024-11-18,80.29,80.6,76.66,77.72,61030
2024-11-19,77.72,79.45,76.75,79.1,56437
2024-11-20,79.05,79.58,78.09,78.58,44598
2024-11-21,78.09,78.47,77.22,77.95,41975
2024-11-22,77.95,78.46,74.62,74.62,67856
2024-11-25,74.53,74.77,71.77,73.07,56749
2024-11-26,72.69,74.76,72.41,73.68,38004
2024-11-27,73.44,76.78,72.91,75.69,47932
2024-11-28,75.68,75.68,74.03,74.24,30502
2024-11-29,74.04,75.87,73.82,74.89,36017
2024-12-02,75.17,77.22,74.92,77.22,55169
2024-12-03,76.62,76.92,74.31,75.08,50537
2024-12-04,75.46,75.61,73.91,74.23,34569
2024-12-05,73.89,75.35,73.74,74.5,26389
2024-12-06,74.5,76.1,74.08,75.53,37611
2024-12-09,75.38,75.78,74.4,75.03,27298
2024-12-10,78.08,78.08,74.55,74.92,44750
2024-12-11,74.42,75.75,73.93,75.02,31356
2024-12-12,74.9,75.72,74.46,75.4,26814
2024-12-13,74.7,76.54,74.62,75.52,49228
2024-12-16,75.6,77.95,75.53,77.43,71960
2024-12-17,77.02,85.0,76.98,83.85,169606
2024-12-18,82.75,84.23,82.08,83.59,74751
2024-12-19,82.31,90.41,82.31,89.59,156831
2024-12-20,88.19,92.05,87.96,89.09,125731
2024-12-23,90.05,94.14,89.62,90.04,137437
2024-12-24,90.38,92.65,88.92,92.62,85946
2024-12-25,93.46,95.0,91.92,92.38,69236
2024-12-26,92.25,99.58,91.15,97.74,114052
2024-12-27,97.72,99.55,96.16,97.06,74928
2024-12-30,97.01,101.35,96.62,98.77,82934
2024-12-31,98.42,98.45,94.47,95.0,87304
2025-01-02,94.39,96.38,91.06,92.28,79592
2025-01-03,93.22,93.36,89.62,90.0,54805
2025-01-06,90.38,92.36,88.08,89.37,48021
2025-01-07,89.92,95.38,89.1,95.21,89447
2025-01-08,94.25,97.81,92.9,96.98,91094
2025-01-09,97.23,101.05,95.77,95.86,108109
2025-01-10,94.38,97.95,94.38,95.9,73381
2025-01-13,94.07,96.02,92.31,93.6,62478
2025-01-14,93.62,98.07,92.54,97.31,61854
2025-01-15,96.54,97.04,94.0,94.23,47629
2025-01-16,94.69,94.96,90.23,92.69,71622
2025-01-17,91.87,96.89,91.87,95.24,54359
2025-01-20,95.87,100.27,95.38,98.99,70272
2025-01-21,100.22,102.69,99.75,102.0,72175
2025-01-22,101.77,107.77,101.08,106.37,91281
2025-01-23,106.37,107.31,104.0,106.03,64893
2025-01-24,105.38,106.45,103.2,105.56,56666
2025-01-27,104.23,104.23,98.88,99.23,78707
2025-02-05,99.23,99.52,89.54,92.62,122300
2025-02-06,92.62,94.65,91.01,94.23,94811
2025-02-07,94.25,96.52,91.92,93.33,96723
2025-02-10,93.46,98.91,93.46,98.23,100889
2025-02-11,98.22,105.0,97.38,103.32,87033
2025-02-12,103.46,108.92,103.33,108.84,85255
2025-02-13,108.84,108.84,103.74,104.15,67403
2025-02-14,102.49,107.48,102.49,103.73,61873
2025-02-17,104.23,114.22,104.12,112.68,116482
2025-02-18,112.45,118.08,111.92,113.46,111022
2025-02-19,113.4,115.45,111.19,112.65,80909
2025-02-20,112.92,117.45,111.11,116.54,70483
2025-02-21,118.85,125.22,118.46,122.35,90564
2025-02-24,120.88,122.21,115.06,116.15,73410
2025-02-25,114.22,114.94,110.82,111.69,95134
2025-02-26,111.69,112.72,109.51,110.0,63631
2025-02-27,111.65,111.77,105.63,108.13,83722
2025-02-28,105.95,106.46,98.88,99.53,132267
2025-03-03,99.23,99.23,90.82,92.48,236631
2025-03-04,91.15,95.43,88.68,94.85,186059
2025-03-05,96.27,97.77,93.68,95.2,121152
2025-03-06,96.53,102.35,95.23,100.78,196845
2025-03-07,99.62,102.69,98.85,99.76,109160
2025-03-10,100.0,100.65,98.08,99.94,88138
2025-03-11,98.29,101.15,95.0,96.15,137658
2025-03-12,95.78,99.06,94.66,96.59,99221
2025-03-13,95.02,100.32,93.37,97.31,149727
2025-03-14,97.66,105.59,97.65,105.58,173144
2025-03-17,105.58,105.78,102.75,105.38,118606
2025-03-18,105.77,111.54,103.99,109.12,125633
2025-03-19,108.62,108.62,101.56,102.73,143330
2025-03-20,102.54,104.23,100.42,100.75,90395
2025-03-21,100.55,101.52,98.7,99.65,78778
2025-03-24,99.65,102.38,99.31,101.26,75419
2025-03-25,101.27,102.55,96.76,97.26,84844
2025-03-26,97.26,99.46,96.75,97.63,53052
2025-03-27,96.77,98.62,95.7,96.88,44844
2025-03-28,96.88,97.44,95.62,95.69,43450
2025-03-31,95.09,96.55,93.89,95.82,57067
2025-04-01,97.31,98.85,95.77,96.08,72700
2025-04-02,95.77,98.22,95.42,96.98,51021
2025-04-03,95.77,96.15,90.64,92.56,99727
2025-04-07,83.46,85.68,83.19,83.19,80177
2025-04-08,81.17,83.62,76.18,79.19,153352
2025-04-09,75.77,81.45,75.0,79.65,114405
2025-04-10,83.68,85.68,81.37,81.73,115093
2025-04-11,81.15,84.69,80.39,83.59,96639
2025-04-14,86.15,86.31,82.28,83.13,79429
2025-04-15,82.69,82.72,80.99,82.08,49941
2025-04-16,81.15,81.92,78.92,80.34,69463
2025-04-17,79.78,81.55,79.54,79.94,48971
2025-04-18,80.05,81.92,79.94,81.78,51490
2025-04-21,81.77,84.22,80.98,84.15,63317
2025-04-22,83.63,86.02,82.69,84.17,79567
2025-04-23,85.0,85.61,82.15,83.99,90813
2025-04-24,82.46,82.87,80.54,80.59,101694
2025-04-25,81.38,84.98,81.16,82.94,107263
2025-04-28,83.42,83.77,82.27,82.56,48989
2025-04-29,82.55,82.77,81.38,81.97,41042
2025-04-30,82.19,83.62,81.54,82.71,50999
2025-05-06,83.91,88.45,83.87,87.81,108256
2025-05-07,89.82,90.28,87.02,87.92,67169
2025-05-08,87.93,90.58,87.69,90.58,89437
2025-05-09,89.74,90.1,87.07,87.37,63188
2025-05-12,88.74,90.13,87.51,88.54,63674
2025-05-13,89.88,89.88,87.69,87.89,51866
2025-05-14,88.17,89.78,87.4,87.86,65498
2025-05-15,87.35,87.36,84.38,84.55,72873
2025-05-16,84.4,84.84,83.68,84.21,56940
2025-05-19,84.23,85.13,82.32,85.05,53235
2025-05-20,84.63,84.68,83.46,84.4,40736
2025-05-21,84.41,85.17,83.85,84.48,44149
2025-05-22,84.23,85.73,83.48,84.09,54126
2025-05-23,83.94,84.61,82.35,82.38,46515
2025-05-26,82.52,83.84,82.06,82.88,33944
2025-05-27,82.47,82.62,79.65,80.02,58346
2025-05-28,80.21,81.62,80.09,81.52,51085
2025-05-29,82.0,85.18,82.0,85.03,97242
2025-05-30,84.03,84.98,82.69,84.26,70182
2025-06-03,83.55,86.86,83.22,86.19,90576
2025-06-04,86.38,89.3,86.19,88.17,102856
2025-06-05,88.2,93.49,87.88,92.42,144540
2025-06-06,91.5,93.15,90.85,91.88,91098
2025-06-09,92.0,95.45,92.0,94.56,123770
2025-06-10,93.95,95.8,93.0,94.4,91407
2025-06-11,94.45,96.57,93.88,93.96,91843
2025-06-12,93.98,97.45,93.11,95.95,111998
2025-06-13,95.53,96.94,94.28,95.5,73733
2025-06-16,95.45,101.0,94.81,98.95,125465
2025-06-17,99.01,100.0,95.36,96.78,124967
2025-06-18,96.39,104.48,96.2,103.6,187783
2025-06-19,103.85,105.45,102.0,102.57,107476
2025-06-20,102.08,102.57,98.27,99.23,109307
2025-06-23,98.59,99.84,96.8,98.0,71429
2025-06-24,98.8,99.37,96.53,97.4,82475
2025-06-25,97.55,99.99,97.55,99.9,106242
2025-06-26,99.94,109.89,99.44,104.71,184716
2025-06-27,103.98,111.25,102.2,107.95,178096
2025-06-30,109.0,110.12,106.0,107.81,127831
2025-07-01,107.04,113.28,107.04,110.99,127847
2025-07-02,109.66,110.3,105.02,105.16,108917
2025-07-03,105.94,113.5,105.94,113.45,192235
2025-07-04,113.45,117.0,112.18,115.9,180377
2025-07-07,114.41,118.2,112.0,114.41,114311
2025-07-08,114.0,120.0,113.0,118.98,149941
2025-07-09,117.94,121.0,117.68,118.09,93340
2025-07-10,118.91,121.86,115.0,119.24,135308
2025-07-11,117.0,121.97,117.0,117.49,105604
2025-07-14,117.87,124.4,117.0,123.98,137737
2025-07-15,124.3,132.27,124.3,131.96,161254
2025-07-16,131.0,131.5,123.0,123.53,135618
2025-07-17,123.0,132.0,122.03,130.9,169350
2025-07-18,133.29,136.5,130.0,131.6,151871
2025-07-21,134.67,141.66,131.99,141.25,190213
2025-07-22,140.05,143.99,134.0,137.0,159924
2025-07-23,134.0,134.0,130.4,132.2,137489
2025-07-24,135.02,137.0,129.0,132.41,141243
2025-07-25,131.0,133.9,130.43,131.98,105199
2025-07-28,132.83,145.18,132.69,145.18,230253
2025-07-29,145.0,148.6,141.02,144.5,168643
2025-07-30,144.88,145.57,139.66,140.98,128092
2025-07-31,144.5,149.97,141.05,142.1,187373
2025-08-01,139.0,140.22,132.55,135.49,172987
2025-08-04,132.7,136.55,131.52,136.23,113646
2025-08-05,138.95,140.0,133.08,135.9,110659
2025-08-06,134.9,138.68,134.19,134.84,82758
2025-08-07,134.82,139.48,132.74,134.49,118448
2025-08-08,132.7,136.35,132.0,133.5,78605
2025-08-11,133.0,140.12,133.0,138.51,138424
2025-08-12,138.39,141.67,137.0,139.8,102452
2025-08-13,139.85,153.78,139.82,153.78,188810
2025-08-14,153.84,154.93,148.21,150.0,120980
2025-08-15,150.01,153.78,145.27,145.71,145046
2025-08-18,146.94,149.2,140.89,146.56,162026
2025-08-19,146.0,149.61,143.1,145.0,115126
2025-08-20,141.61,145.95,137.33,142.71,113206
2025-08-21,142.02,144.61,137.7,141.58,114277
2025-08-22,140.6,153.0,140.06,149.92,181123
2025-08-25,151.1,163.87,148.02,161.1,166539
2025-08-26,161.0,165.04,158.08,162.69,105160
2025-08-27,161.64,177.96,161.1,169.5,135950
2025-08-28,173.5,186.45,171.0,186.45,157286
2025-08-29,190.01,200.0,185.11,198.0,147915
2025-09-01,198.0,203.1,190.18,199.88,170253
2025-09-02,199.0,202.0,179.89,179.89,198600
2025-09-03,182.58,189.6,178.88,185.64,122467
2025-09-04,185.64,189.19,167.08,168.8,217734
2025-09-05,168.8,183.09,168.8,182.25,156997
2025-09-08,181.47,183.88,170.68,176.32,124254
2025-09-09,175.01,179.88,172.15,173.95,76993
2025-09-10,177.11,185.0,177.11,183.31,135257
2025-09-11,185.01,201.64,184.0,201.64,134517
2025-09-12,204.02,204.91,195.0,195.37,114121
2025-09-15,195.38,196.58,186.69,187.85,99393
2025-09-16,188.1,194.5,186.0,188.49,108422
2025-09-17,188.61,190.0,182.0,187.95,89125
2025-09-18,186.51,201.98,185.0,197.47,154321
2025-09-19,200.0,201.49,192.89,195.57,91551
2025-09-22,194.98,215.0,190.08,214.8,118424
2025-09-23,223.63,227.99,211.99,218.92,156605
2025-09-24,209.5,214.24,204.01,210.59,97342
2025-09-25,211.03,213.94,202.0,208.51,75952
2025-09-26,209.4,211.58,205.5,206.55,69642
2025-09-29,206.61,221.29,202.6,221.29,85691
2025-09-30,229.0,233.68,214.8,216.64,78688
2025-10-09,228.01,238.3,228.01,238.3,92554
2025-10-10,231.15,234.0,214.98,216.79,130172
2025-10-13,205.01,220.0,205.01,214.34,88894
2025-10-14,219.0,219.22,194.95,196.6,117662
2025-10-15,196.51,202.0,192.2,202.0,86169
2025-10-16,200.0,208.0,198.5,201.5,77272
2025-10-17,200.87,201.88,193.0,196.35,68327
2025-10-20,199.0,205.37,193.2,194.97,93259
2025-10-21,196.09,203.92,191.0,201.2,83095
2025-10-22,200.89,207.38,198.5,201.99,72721
2025-10-23,201.97,203.97,190.3,193.71,107289
2025-10-24,199.0,213.08,197.0,213.08,124581
2025-10-27,216.92,223.56,213.8,221.07,163096
2025-10-28,218.03,232.0,218.01,224.25,118819
2025-10-29,227.4,233.11,220.0,227.8,86341
2025-10-30,230.0,243.91,226.0,233.44,135548
2025-10-31,231.44,231.5,212.99,214.48,114297
2025-11-03,210.0,219.6,206.36,218.83,120797
2025-11-04,221.42,233.99,219.0,222.85,132503
2025-11-05,213.0,228.58,212.8,226.0,76221
2025-11-06,227.0,235.0,223.0,230.5,87795
2025-11-07,226.11,227.89,217.79,222.76,77541
2025-11-10,224.38,225.3,210.0,218.31,97628
2025-11-11,221.87,221.87,211.5,212.06,58472
2025-11-12,209.01,213.32,204.2,207.6,75432
2025-11-13,205.88,209.72,204.0,207.5,66588
